loc,lat,long,name,lng
'ביר הדאג,31.02316,34.709138,,
אבו סנאן,32.958,35.172,,
אבו קרינאת,31.103115,34.952003,,
אבו קרינאת והפזורה,31.1031,34.952,,
אבו תלול,31.142612,34.913514,,
אבו-גוש,31.8063,35.1092,,
אבו-תלול והפזורה,31.1907,34.9161,,
אבטליון,32.8358,35.3504,,
אביאל,32.5313,34.9935,,
אביבים,33.0894,35.4703,,
אביגדור,31.7119,34.7404,,
אביעזר,31.682,35.0188,,
אבירים,33.0381,35.286,,
אבן יהודה,32.2766,34.8851,,
אבן מנחם,33.0751,35.2952,,
אבן ספיר,31.7625,35.135,,
אבן שמואל,31.5764,34.763,,
אבני איתן,32.8248,35.7658,,
אבנת,31.679,35.4369,,
אבשלום,31.1954,34.3312,,
אדורה,31.5522,35.0176,,
אדוריים,31.4827,35.0436,,
אדמית,33.0788,35.2095,,
אדרת,31.6597,34.9944,,
אודים,32.2669,34.847,,
אודם,33.1934,35.7496,,
אוהד,31.238436,34.431893,,
אום אל פחם,32.5171,35.1485,,
אום אל קוטוף,32.4681,35.0592,,
אום אל-גנם,32.6867,35.3903,,
אום אל-פחם,32.517127,35.148529,,
אום בטין,31.2767437,34.8829215,,
אום בטין והפזורה,31.2694,34.8811,,
אופקים,31.3113,34.6228,,
אור הגנוז,33.0052,35.4467,,
אור הנר,31.5562,34.6023,,
אור יהודה,32.0297,34.8562,,
אור עקיבא,32.51,34.9204,,
אורה,31.7521,35.1502,,
אורון תעשייה ומסחר,30.9115,35.0177,,
אורות,31.74176,34.734758,,
אורטל,33.0862,35.7587,,
אורים,31.3041,34.5249,,
אורנים,32.7112,35.1096,,
אורנית,32.1319,34.9908,,
אושה,32.7965,35.1146,,
אזור,32.0296,34.7996,,
אזור תעשייה אכזיב מילואות,33.0684,35.1102,,
אזור תעשייה אלון התבור,32.6345,35.3603,,
אזור תעשייה אפק ולב הארץ,32.10799,34.953088,,
אזור תעשייה באר טוביה,31.7249,34.751,,
אזור תעשייה בני יהודה,32.8023,35.7156,,
אזור תעשייה בר-לב,32.9063,35.1948,,
אזור תעשייה ברוש,31.7331,34.9594,,
אזור תעשייה דימונה,31.0646,35.0188,,
אזור תעשייה הדרומי אשקלון,31.6361,34.5545,,
אזור תעשייה הר טוב - צרעה,31.7728,34.9981,,
אזור תעשייה חבל מודיעין,32.0131,34.9595,,
אזור תעשייה חצור הגלילית,32.9842,35.5521,,
אזור תעשייה כנות,31.8013,34.7591,,
אזור תעשייה כרמיאל,32.9263,35.3191,,
אזור תעשייה מבואות הגלבוע,32.5672,35.2676,,
אזור תעשייה מיתרים,31.3726,35.0055,,
אזור תעשייה נ.ע.מ,31.4138,34.6149,,
אזור תעשייה ניר עציון,32.7019,34.973,,
אזור תעשייה נשר - רמלה,31.9179,34.892,,
אזור תעשייה עד הלום,31.7581,34.6559,,
אזור תעשייה עידן הנגב,31.3808,34.786,,
אזור תעשייה צ.ח.ר,32.9705521,35.5646455,,
אזור תעשייה ציפורית,32.7595,35.3161,,
אזור תעשייה צמח,32.7033,35.5869,,
אזור תעשייה צפוני אשקלון,31.6647,34.5981,,
אזור תעשייה קדמת גליל,32.7854,35.4631,,
אזור תעשייה קיסריה,32.4865,34.9464,,
אזור תעשייה קריית גת,31.5962,34.7848,,
אזור תעשייה רגבים,32.5217,35.024,,
אזור תעשייה רותם,31.06,35.1949,,
אזור תעשייה רמת דלתון,33.0279,35.4768,,
אזור תעשייה שחורת,29.5979,34.9719,,
אזור תעשייה שער נעמן,32.8805,35.0976,,
אזור תעשייה תימורים,31.7242,34.7615,,
אזור תעשייה תרדיון,32.8677,35.2731,,
אחווה,31.7429,34.7678,,
אחוזם,31.5527,34.7701,,
אחוזת ברק,32.6431,35.3389,,
אחיהוד,32.9074,35.1717,,
אחיסמך,31.9319,34.9086,,
אחיעזר,31.9817,34.8718,,
איבטין,32.76,35.1146,,
איבים,31.533597,34.609697,,
איילת השחר,33.0211,35.5767,,
אילון,33.0625,35.2192,,
אילות,29.5805,34.963,,
אילניה,32.7539,35.4082,,
אילת,29.5577,34.9519,,
אירוס,31.9286,34.7766,,
איתן,31.5722,34.7479,,
אכסאל,32.6821,35.3207,,
אל מסק,50.5767015,8.0483603,,
אל סייד,31.281719,34.916298,,
אל עזי,31.7189,34.8143,,
אל עמארני,31.1677931042934,34.9696354865507,,
אל עריאן,32.4981,35.1251,,
אל פורעה,31.2288086748377,35.1645333856259,,
אל רום,33.1805,35.7701,,
אל-ח'וואלד מערב,32.771,35.1363,,
אל-סייד והפזורה,31.281719,34.916298,,
אלומה,31.652,34.7429,,
אלומות,32.7066,35.5461,,
אלון הגליל,32.7569,35.2203,,
אלון שבות,31.6549,35.1253,,
אלוני אבא,32.7309,35.172,,
אלוני הבשן,33.0441,35.8385,,
אלוני יצחק,32.51,35.0052,,
אלונים,32.7215,35.1434,,
אלי עד,32.8066,35.7366,,
אליאב,31.5302,34.9284,,
אליפלט,32.9478,35.5485,,
אלישמע,32.1548,34.9305,,
אלמגור,32.9127,35.6023,,
אלעד,32.0495,34.9507,,
אלעזר,31.6597,35.1431,,
אלפי מנשה,32.1706,35.0149,,
אלקוש,33.0343,35.3263,,
אלקנה,32.1106,35.0321,,
אמונים,31.7439,34.6745,,
אמירים,32.9374,35.4504,,
אמנון,32.905,35.5711,,
אמציה,31.5312,34.9145,,
אניעם,32.9566,35.7397,,
אעבלין,32.8218,35.1901,,
אעצם,31.2968415073093,34.9032308563051,,
אפיק,32.7794,35.703,,
אפיקים,32.6806,35.5777,,
אפק,32.8383,35.1278,,
אפרת,31.6536,35.1499,,
ארבל,32.8127,35.4826,,
ארז,31.5597,34.565,,
אריאל,32.1046,35.1745,,
ארסוף,32.2128,34.816,,
אשבול,31.4455,34.6667,,
אשבל,32.877,35.306,,
אשדוד - א,31.804381,34.655314,,
"אשדוד - א,ב,ד,ה",31.8047,34.6469,,
אשדוד - אזור תעשייה צפוני ונ,31.832549376313,34.6794402417561,,
אשדוד - איזור תעשייה צפוני,31.832549376313,34.6794402417561,,
אשדוד - ג,31.8021533926547,34.6620138963342,,
"אשדוד - ג,ו,ז",31.7966,34.6579,,
אשדוד - ח,31.7875644040759,34.6542456235291,,
"אשדוד - ח,ט,י,יג,יד,טז",31.7778,34.6462,,
אשדוד - יא,31.7845740935601,34.6313075231948,,
אשדוד -יא,31.7845740935601,34.6313075231948,,
"אשדוד -יא,יב,טו,יז,מרינה,סיט",31.7845740935601,34.6313075231948,,
אשדות יעקב איחוד,32.6588,35.5796,,
אשדות יעקב מאוחד,32.6648,35.5828,,
אשחר,32.8851,35.2996,,
אשכולות,31.3912,34.9049,,
אשל הנשיא,31.3268,34.6975,,
אשלים,30.9642,34.6997,,
אשקלון,31.6687885,34.5742523,,
אשקלון - דרום,31.661,34.5688,,
אשקלון - צפון,31.686,34.5839,,
אשרת,32.9716,35.1557,,
אשתאול,31.7804,35.0101,,
אתר דודאים,31.3122,34.7338,,
אתר ההנצחה גולני,32.7774,35.4103,,
באקה אל גרבייה,32.4229,35.0358,,
באר גנים,31.7004,34.6109,,
באר טוביה,31.7371,34.7256,,
באר יעקב,31.9435,34.839,,
באר מילכה,30.9341,34.4056,,
באר שבע - דרום,31.2413,34.7711,,
באר שבע - מזרח,31.2345,34.8201,,
באר שבע - מערב,31.2612,34.7794,,
באר שבע - צפון,31.2698,34.8151,,
בארות יצחק,32.042,34.9102,,
בארותיים,32.321,34.9834,,
בארי,31.4245,34.4926,,
בוסתן הגליל,32.9486,35.0807,,
בועיינה-נוג'ידאת,32.8077,35.3653,,
בוקעתא,33.2027,35.7768,,
בורגתה,32.326,34.9638,,
בטחה,31.3339,34.6343,,
ביצרון,31.795,34.7293,,
ביר אלמכסור,32.7773,35.2206,,
ביריה,32.9781,35.5031,,
בית אורן,32.7316,35.0063,,
בית אלעזרי,31.8447,34.8066,,
בית אריה,32.0401,35.0495,,
בית ברל,32.1997,34.9261,,
בית ג'אן,32.9657,35.3813,,
בית ג'ן,32.965655,35.381268,,
בית גוברין,31.6129,34.8956,,
בית גמליאל,31.8561,34.7609,,
בית דגן,32.0018,34.8297,,
בית הגדי,31.4228,34.6079,,
בית הלל,33.2088,35.6065,,
בית העמק,32.971,35.1453,,
בית זית,31.7831,35.1611,,
בית זרע,32.6893,35.5741,,
בית חגי,31.4925,35.0795,,
בית חורון,31.8799,35.1241,,
בית חלקיה,31.793,34.8097,,
בית חנן,31.9352,34.7756,,
בית חנניה,32.5295,34.9267,,
בית חשמונאי,31.8903,34.9176,,
בית יהושע,32.2621,34.8654,,
בית יצחק - שער חפר,32.3356,34.8895,,
בית ירח,32.7144,35.574,,
בית יתיר,31.3656,35.1113,,
בית לחם הגלילית,32.7346,35.1913,,
בית מאיר,31.7948,35.0368,,
בית נחמיה,31.9771,34.9538,,
בית ניר,31.6476,34.8731,,
בית נקופה,31.8044,35.1269,,
בית סוהר השרון,32.2408,34.8848,,
בית סוהר מגידו,32.5709,35.1898,,
בית סוהר נפחא,30.7265,34.7735,,
בית סוהר צלמון,32.8717,35.4474,,
בית סוהר קישון,32.7262,35.0915,,
בית סוהר שיטה וגלבוע,32.5476,35.4151,,
בית ספר אורט בנימינה,32.5498,34.955,,
בית ספר שדה מירון,33.0115,35.3922,,
בית עובד,31.9213,34.7749,,
בית עוזיאל,31.8701,34.9049,,
בית עזרא,31.7364,34.6575,,
בית עלמין תל רגב,32.7678,35.1219,,
בית עריף,31.9954,34.9351,,
בית צבי,32.7189,34.9697,,
בית קמה,31.4466,34.7622,,
בית קשת,32.7184,35.395,,
בית רימון,32.7818,35.3277,,
בית שאן,32.4971,35.4973,,
בית שמש,31.747,34.9881,,
בית שערים,32.6965,35.1788,,
בית שקמה,31.6377,34.6101,,
ביתר עילית,31.701,35.1119,,
בלפוריה,32.63,35.2963,,
בן זכאי,31.8572,34.7274,,
בן עמי,33.0054,35.1222,,
בן שמן,31.9513,34.9198,,
בני ברק,32.0849,34.8352,,
בני דקלים,31.5172,34.917,,
בני דרום,31.8209,34.6916,,
בני דרור,32.2618,34.9018,,
בני יהודה וגבעת יואב,32.7983,35.6911,,
בני נצרים,31.1435,34.3164,,
בני עטרות,32.0215,34.9101,,
בני עי''ש,31.7902,34.7593,,
בני ציון,32.2198,34.8684,,
בני ראם,31.77,34.7905,,
בניה,31.8434,34.7518,,
בנימינה,32.5171,34.9551,,
בסמת טבעון,32.7363,35.1532,,
בענה,32.9295,35.2719,,
בצרה,32.2145,34.8781,,
בצת,33.07,35.1326,,
בקוע,31.8279,34.9247,,
בקעות,32.2421,35.4526,,
בר גיורא,31.7297,35.0734,,
בר יוחאי,32.9977,35.4482,,
ברוכין,32.0822,35.0941,,
ברור חיל,31.557,34.6465,,
ברוש,31.371091,34.634933,,
ברטעה,32.4721,35.095,,
ברכיה,31.668,34.6243,,
ברעם,33.059,35.4332,,
ברקאי,32.4761,35.031,,
ברקן,32.1095,35.106,,
ברקת,32.0183,34.9432,,
בת הדר,31.6481,34.5971,,
בת ים,32.013186,34.748019,,
בת עין,31.6577,35.1011,,
בת שלמה,32.6003,35.0038,,
בת-ים,32.0132,34.748,,
בתי מלון ים המלח,31.1691,35.3673,,
ג'דידה מכר,32.9287,35.1506,,
ג'דיידה-מכר,32.928656,35.150573,,
ג'וליס,32.945,35.1842,,
ג'לג'וליה,32.1525,34.954,,
ג'סר א-זרקא,32.5363,34.9116,,
ג'ש - גוש חלב,33.0213,35.4479,,
ג'ת,32.3984,35.0361,,
גאולים,32.2965,34.9439,,
גאליה,31.8856,34.7654,,
גבולות,31.2112,34.4662,,
גבים,31.506273,34.598949,,
גבע בנימין,31.85,35.2739,,
גבע כרמל,32.6622,34.9541,,
גבעולים,31.397604,34.593821,,
גבעות,31.6789,35.1019,,
גבעות בר,31.3572,34.7555,,
גבעות עדן,31.6622,35.0139,,
גבעת אבני,32.7754,35.4362,,
גבעת אלה,32.722,35.2448,,
גבעת ברנר,31.8666,34.8023,,
גבעת השלושה,32.0963,34.9206,,
גבעת וולפסון,32.7202,35.0161,,
גבעת וושינגטון,31.8175,34.7289,,
גבעת זאב,31.8612,35.1673,,
גבעת חביבה,32.457652,35.02009,,
גבעת חן,32.1676,34.8755,,
גבעת יערים,31.7861,35.0928,,
גבעת ישעיהו,31.6717,34.9437,,
גבעת כ''ח,32.032091,34.938796,,
גבעת ניל''י,32.549043,35.041194,,
גבעת עדה,32.521,35.0114,,
גבעת שמואל,32.0773,34.8492,,
גבעתי,31.7331,34.6795,,
גבעתיים,32.0722,34.8089,,
גברעם,31.5915,34.6122,,
גבת,32.6766,35.2132,,
גדות,33.0182,35.6195,,
גדעונה,32.5499,35.3592,,
גדרה,31.8123,34.777,,
גונן,33.124,35.6462,,
גורן,33.0556,35.2336,,
גורנות הגליל,33.0593,35.2497,,
גזית,32.6393,35.4462,,
גזר,31.8761,34.9203,,
גיאה,31.6285,34.6027,,
גיבתון,31.8883,34.7991,,
גיזו,31.8056,34.9397,,
גילת,31.3263,34.6489,,
גינוסר,32.8487,35.5232,,
גינתון,31.9628,34.9131,,
גיתה,32.9672,35.2491,,
גלאון,31.6334,34.8489,,
גמזו,31.9272,34.9411,,
גן הדרום,31.8041,34.6999,,
גן השומרון,32.465,34.999,,
גן חיים,32.1958,34.907,,
גן יבנה,31.7831,34.7031,,
גן נר,32.5287,35.3363,,
גן שורק,31.944,34.7583,,
גן שלמה,31.8788,34.7989,,
גן שמואל,32.4529,34.9493,,
גנות,32.0182,34.8259,,
גנות הדר,32.3217,34.9007,,
גני הדר,31.8782,34.8576,,
גני טל,31.7886,34.7914,,
גני יוחנן,31.8599,34.8408,,
גני עם,32.1498,34.9034,,
גני תקווה,32.0605,34.8731,,
גניגר,32.6634,35.2599,,
געש,32.2285,34.8244,,
געתון,33.0061,35.2138,,
גפן,31.7404,34.8784,,
גרופית,29.9416,35.0647,,
גשור,32.8199,35.7157,,
גשר הזיו,33.0405,35.1106,,
גת,31.6278,34.7941,,
גת רימון,32.0681,34.8814,,
דבוריה,32.6941,35.3685,,
דברת,32.6467,35.3501,,
דגניה א,32.7069,35.5751,,
דגניה ב,32.6991,35.5776,,
דור,32.607548,34.923294,,
דורות,31.5072,34.6457,,
דחי,32.6225,35.3436,,
דימונה,31.0694,35.0334,,
דיר אל-אסד,32.9344,35.2684,,
דיר חנא,32.8623,35.3653,,
דישון,33.0823,35.5176,,
דלית אל כרמל,32.6938,35.0554,,
דלתון,33.0166,35.4899,,
דמיידה,32.815,35.2266,,
דניאל,31.3109,34.5931,,
דפנה,33.2308,35.6383,,
דקל,31.196642,34.34709,,
דריג'את,31.301885,35.076793,,
האון,32.7267,35.6227,,
הבונים,32.6366,34.9327,,
הגושרים,33.2215,35.623,,
הוד השרון,32.15,34.8839,,
הודיה,31.6764,34.6393,,
הודיות,32.7886,35.435,,
הושעיה,32.7579,35.2952,,
הזורעים,32.7481,35.4999,,
החותרים,32.7523,34.9575,,
היוגב,32.6128,35.2075,,
הילה,33.0362,35.2446,,
המכללה האקדמית כנרת,32.7054,35.5918,,
הסוללים,32.7518,35.238,,
הר אדר,31.8245,35.1297,,
הר ברכה,32.1933,35.2649,,
הר גילה,31.7221,35.1715,,
הר הנגב,30.6817,34.785,,
הר עמשא,31.3427,35.1016,,
הר-חלוץ,32.9506,35.3123,,
הראל,31.80944,34.94903,,
הרדוף,32.7637,35.1747,,
הרצליה - מערב,32.1738,34.8104,,
הרצליה - מרכז וגליל ים,32.1678,34.8413,,
הרצליה - פיתוח,32.1772438548416,34.8094640399948,,
הררית יחד,32.8457,35.3693,,
ואדי אל חמאם,32.8284,35.4917,,
ואדי אל נעם,31.1498515558458,34.8120748226558,,
ואדי אל נעם דרום,31.1413,34.8265,,
ורדון,31.6638,34.7818,,
זבדיאל,31.6592,34.7603,,
זוהר,31.5956,34.6924,,
זיקים,31.6072,34.521,,
זיתן,31.9752,34.8917,,
זכרון יעקב,32.5739,34.952,,
זכריה,31.7088,34.9447,,
זמר,32.3657,35.0347,,
זמרת,31.447853,34.552288,,
זמרת ושובה,31.447853,34.552288,,
זנוח,31.7338,34.9994,,
זרועה,31.4591,34.6242,,
זרזיר,32.7233,35.2204,,
זרחיה,31.6817,34.7464,,
זרעית,33.099,35.2885,,
ח'וואלד,32.7589,35.1584,,
חברון,31.5249,35.108,,
חג'אג'רה,32.741,35.2049,,
חגור,32.1386,34.9476,,
חד נס,32.9275,35.6414,,
חדיד,31.9694,34.9322,,
חדרה - מזרח,32.4258,34.9506,,
חדרה - מערב,32.439,34.8854,,
חדרה - מרכז,32.4352,34.9209,,
חדרה - נווה חיים,32.446,34.9049,,
חוות גלעד,32.2005,35.1812,,
חוות יאיר,32.1453,35.1048,,
חוות שדה בר,31.6609,35.2447,,
חוות שיקמים,31.5113,34.6339,,
חולדה,31.8321,34.8815,,
חולון,32.0158,34.7874,,
חולית,31.2306,34.3273,,
חולתה,33.0529,35.6092,,
חוסן,32.9977,35.2987,,
חוסנייה,32.9006,35.3225,,
חוקוק,32.8786,35.4967,,
חורה,31.3004,34.9357,,
חורפיש,33.0167,35.3471,,
חורשים,32.1379,34.971,,
חזון,32.9066,35.3953,,
חי-בר יטבתה,29.8462,35.0294,,
חיננית,32.4809,35.1732,,
חיפה - כרמל ועיר תחתית,32.8072,34.9877,,
חיפה - מערב,32.8087,34.9603,,
חיפה - נווה שאנן ורמות כרמל,32.7812,35.0015,,
חיפה - קריית חיים ושמואל,32.8283,35.0656,,
חיפה - מפרץ,32.8049,35.0515,,
חירן,31.3096,34.9845,,
חלמיש,32.0083,35.1289,,
חלץ,31.5779,34.6584,,
חמד,32.018,34.8413,,
חמת גדר,32.6834,35.6647,,
חניתה,33.0876,35.1734,,
חנתון,32.7831,35.2451,,
חספין,32.8456,35.793,,
חפץ חיים,31.7893,34.7997,,
חצב,31.7801,34.7706,,
חצבה,30.7679,35.2785,,
חצור,31.773,34.7199,,
חצור אשדוד,31.772744,34.719366,,
חצור הגלילית,32.9804,35.5435,,
חצרים,31.2406,34.7174,,
חרוצים,32.22771,34.86477199999999,,
חרות,32.241,34.9141,,
חריש,32.4619,35.0456,,
חרשים,32.9577,35.3282,,
חשמונאים,31.9326,35.0233,,
טבריה,32.7959,35.531,,
טובא זנגריה,32.9662,35.592,,
טורעאן,32.7751,35.3783,,
טייבה,32.2669,35.0097,,
טייבה בגלבוע,32.6047,35.4446,,
טירה,32.234394,34.951488,,
טירת יהודה,32.0148,34.9359,,
טירת כרמל,32.7621,34.973,,
טל מנשה,32.4831,35.1607,,
טל שחר,31.8044,34.9033,,
טל-אל,32.9273,35.1825,,
טללים,30.9915,34.7713,,
טמרה,32.8522,35.2013,,
טמרה בגלבוע,32.6349,35.4027,,
טנא עומרים,31.3761,34.9574,,
טפחות,32.8686,35.4222,,
יבול,31.1895,34.319,,
יבנאל,32.7088,35.5038,,
יבנה,31.878,34.7394,,
יגור,32.7415,35.0768,,
יגל,31.9878,34.8803,,
יד בנימין,31.7967,34.8204,,
יד השמונה,31.8095,35.0896,,
יד מרדכי,31.587,34.5575,,
יד נתן,31.653,34.7049,,
יד רמב''ם,31.899841,34.900086,,
יהוד-מונוסון,32.0303,34.8871,,
יהל,30.0842,35.1284,,
יובלים,32.8782,35.2693,,
יודפת,32.8366,35.2715,,
יונתן,32.9397,35.7955,,
יושיביה,31.4447,34.6088,,
יזרעאל,32.5626,35.3194,,
יחיעם,32.9961,35.2211,,
יטבתה,29.8963,35.0592,,
יכיני,31.4822,34.5986,,
ינוב,32.3074,34.9514,,
ינוח-ג'ת,32.9816,35.2412,,
ינון,31.7418,34.7809,,
יסוד המעלה,33.0536,35.589,,
יסודות,31.8158,34.8656,,
יסעור,32.9011,35.1666,,
יעד,32.8812,35.2406,,
יעף,32.2683,34.9674,,
יערה,33.068,35.1861,,
יערות הכרמל,32.7073,35.0107,,
יפיע,32.695,35.282,,
יפית,32.0627,35.4743,,
יפעת,32.6759,35.224,,
יפתח,33.1283,35.552,,
יצהר,32.1685,35.2359,,
יציץ,31.8632,34.8619,,
יקום,32.249196,34.84190299999999,,
יקיר,32.1498,35.1146,,
יראון,33.0772,35.4543,,
ירוחם,30.9878,34.9297,,
ירושלים - אזור תעשייה עטרות,31.8606,35.2167,,
ירושלים - דרום,31.7377,35.1847,,
ירושלים - כפר עקב,31.8749,35.2175,,
ירושלים - מזרח,31.7627,35.2403,,
ירושלים - מערב,31.7742,35.1727,,
ירושלים - מרכז,31.7781,35.2164,,
ירושלים - צפון,31.8211,35.2389,,
ירחיב,32.1515,34.968,,
ירכא,32.9535,35.212,,
ירקונה,32.1445,34.8979,,
ישובי אומן,32.5655,35.2384,,
ישובי יעל,32.5521,35.3065,,
ישע,31.247595,34.403091,,
ישעי,31.753,34.9626,,
ישרש,31.9157,34.8473,,
יתד,31.207,34.3261,,
כאבול,32.87,35.2054,,
כאוכב אבו אלהיג'א,32.8319,35.2487,,
כברי,33.021,35.147,,
כדורי,32.7062,35.4063,,
כוחלה מכחול,31.287112,35.048572,,
כוכב יאיר - צור יגאל,32.2209,34.9924,,
כוכב יעקב,31.8803,35.2459,,
כוכב מיכאל,31.6315,34.6678,,
כורזים ורד הגליל,32.9042,35.5508,,
כושי רמון,30.3066,35.1346,,
כחל,32.8905,35.5116,,
כינרת מושבה,32.7238,35.5652,,
כינרת קבוצה,32.7142,35.5627,,
כיסופים,31.3745,34.399,,
כיסרא סמיע,32.9723,35.3041,,
כישור,32.9467,35.2502,,
כלא דמון,32.7332,35.0234,,
כליל,32.9836,35.1997,,
כלנית,32.8753,35.454,,
כמהין,30.9103,34.4307,,
כמון,32.9125,35.3555,,
כנות,31.8022,34.7509,,
כנף,32.8704,35.6979,,
כסייפה,31.249246,35.083681,,
כסייפה והפזורה,31.2347,35.0681,,
כסיפה,31.249246,35.083681,,
כסלון,31.7743,35.0482,,
כעביה,32.7567,35.1865,,
כעביה טבאש,32.7504,35.184,,
כפר אביב,31.831,34.7226,,
כפר אוריה,31.7934,34.9448,,
כפר אחים,31.7459,34.7559,,
כפר אלדד,31.654,35.251,,
כפר ביאליק,32.8214,35.0877,,
כפר ביל''ו,31.870475,34.826734,,
כפר בלום,33.1725,35.6079,,
כפר בן נון,31.8617,34.9472,,
כפר ברא,32.1309,34.9701,,
כפר ברוך,32.646,35.1931,,
כפר גדעון,32.6446,35.2893,,
כפר גלים,32.7662,34.9595,,
כפר גליקסון,32.5058,35.0035,,
כפר גלעדי,33.2421,35.5741,,
כפר דניאל,31.9335,34.9323,,
כפר האורנים,31.9199,35.0369,,
כפר החורש,32.7015,35.273,,
כפר המכבי,32.7918,35.1148,,
כפר הנגיד,31.8871,34.7487,,
כפר הנוער ימין אורד,32.7016,34.9898,,
כפר הנשיא,32.9747,35.6023,,
כפר הס,32.2477,34.9351,,
כפר הרי''ף וצומת ראם,31.747,34.7909,,
כפר ורבורג,31.7187,34.7287,,
כפר ורדים,32.9951,35.2691,,
כפר זוהרים,31.6226,34.9257,,
כפר זיתים,32.8116,35.4652,,
כפר חב''ד,31.990144,34.849103,,
כפר חיטים,32.8,35.5033,,
כפר חנניה,32.916,35.4238,,
כפר חסידים,32.7523,35.0942,,
כפר חרוב,32.7624,35.6642,,
כפר טבאש,32.7485,35.1707,,
כפר טרומן,31.9805,34.9277,,
כפר יהושע,32.6816,35.152,,
כפר יובל,33.2466,35.5964,,
כפר יונה,32.3177,34.9336,,
כפר יחזקאל,32.5669,35.3609,,
כפר יסיף,32.952,35.16,,
כפר יעבץ,32.2739,34.9655,,
כפר כמא,32.7211,35.4428,,
כפר כנא,32.7482,35.3438,,
כפר מימון ותושיה,31.4324,34.5384,,
כפר מל''ל,32.167567,34.894744,,
כפר מנדא,32.8124,35.2586,,
כפר מנחם,31.7321,34.8351,,
כפר מסריק,32.8912,35.0984,,
כפר מצר,32.6453,35.4221,,
כפר מרדכי,31.8315,34.7566,,
כפר נהר הירדן,32.7683,35.4356,,
כפר נוער בן שמן,31.9597,34.9291,,
כפר נטר,32.2719,34.872,,
כפר סאלד,33.196,35.658,,
כפר סבא,32.1782,34.9076,,
כפר סילבר,31.673,34.6121,,
כפר סירקין,32.0767,34.9228,,
כפר עבודה,32.2557,34.9397,,
כפר עזה,31.4834,34.5323,,
כפר עציון,31.6495,35.1152,,
כפר פינס,32.4827,35.0021,,
כפר קאסם,32.1141,34.9728,,
כפר קיש,32.6661,35.449,,
כפר קרע,32.5055,35.0543,,
כפר רות,31.9104,35.0353,,
כפר שמאי,32.9557,35.4579,,
כפר שמואל,31.8883,34.9348,,
כפר שמריהו,32.1871,34.8231,,
כפר תבור,32.6873,35.42,,
כפר תפוח,32.118,35.2498,,
כפר תקווה,32.7013,35.115,,
כרכור,32.4728028,34.9742001,,
כרם ביבנה,31.817,34.7236,,
כרם בן זמרה,33.0392,35.4699,,
כרם מהר''ל,32.644325,34.99145,,
כרם שלום,31.2283,34.2846,,
כרמי גת,31.6056632,34.7737312,,
כרמי יוסף,31.848,34.9213,,
כרמי צור,31.6095,35.1013,,
כרמיאל,32.9147,35.2924,,
כרמיה,31.6027,34.5404,,
כרמים,31.3337,34.9179,,
כרמית,31.3322,34.8968,,
כרמל,31.4318,35.1828,,
לבון,32.9412,35.2865,,
לביא,32.7876,35.4407,,
לבנים,32.8638,35.4975,,
להב,31.3794,34.8713,,
להבות הבשן,33.1412,35.6479,,
להבות חביבה,32.3952,35.0118,,
להבים,31.3738,34.817,,
לוד,31.951,34.8881,,
לוזית,31.6882,34.8882,,
לוחמי הגטאות,32.9627,35.0967,,
לוטם וחמדון,32.8809,35.36,,
לוטן,29.9883,35.0868,,
לטרון,31.8369,34.9772,,
לימן,33.0587,35.1118,,
לכיש,31.5609,34.8441,,
לפיד,31.917,35.0318,,
לפידות,32.9598,35.261,,
לקיה,31.324884,34.866219,,
לקיה והפזורה,31.3249,34.8662,,
מאור,32.4258,35.0053,,
מאיר שפיה,32.5912,34.9711,,
מבוא ביתר,31.7226,35.1067,,
מבוא חורון,31.8496,35.035,,
מבוא חמה,32.7367,35.6552,,
מבוא מודיעים,31.9339,34.988,,
מבועים,31.4494,34.655,,
מבטחים,31.242423,34.407488,,
מבטחים עמיעוז ישע,31.248463,34.413404,,
מבקיעים,31.6225,34.5774,,
מבשרת ציון,31.8041,35.1579,,
מג'דל כרום,32.9201,35.2566,,
מג'דל שמס,33.2691,35.7721,,
מגדים,32.7277,34.9609,,
מגדל,32.8395,35.4998,,
מגדל העמק,32.6778,35.2417,,
מגדל עוז,31.6409,35.1431,,
מגדלים,32.0899,35.3426,,
מגל,32.3856,35.0361,,
מגן,31.2987362,34.4269827,,
מגן שאול,32.5215,35.3064,,
מגשימים,32.0444,34.8998,,
מדרשת בן גוריון,30.8523,34.7834,,
מודיעין,31.8903,35.0104,,
מודיעין - ישפרו סנטר,31.8898056,34.9649992,,
מודיעין - ליגד סנטר,31.9211897,34.9701743,,
מודיעין עילית,31.9325,35.0423,,
מודיעין-מכבים-רעות,31.890267,35.010397,,
מולדה,31.261071,34.975564,,
מועאוויה,32.5319,35.1029,,
מועצה אזורית דרום השרון,32.133539,34.910989,,
מוצא עילית,31.7936,35.157,,
מוקיבלה,32.5151,35.2948,,
מורן,32.9216,35.3948,,
מורשת,32.8261,35.232,,
מזור,32.0507,34.9314,,
מזכרת בתיה,31.8532,34.8424,,
מזרע,32.6499,35.2864,,
מזרעה,32.9837,35.0989,,
מחניים,32.9888,35.5704,,
מחסיה,31.7489,35.0073,,
מטווח ניר עם,31.5128,34.5543,,
מטולה,33.2772,35.5782,,
מטע,31.7165,35.0606,,
מי עמי,32.505,35.1464,,
מייסר,32.4452,35.0421,,
מיצד,31.5862,35.1876,,
מיצר,32.7686,35.7364,,
מירון,32.9852,35.4416,,
מישר,31.8159,34.7526,,
מיתר,31.327,34.9432,,
מכללת ספיר,31.5090643,34.5944391,,
מכמנים,32.9075,35.3287,,
מלונות ים המלח מרכז,31.1803,35.3645,,
מלילות,31.389897,34.595243,,
מלכיה,33.0986,35.5096,,
ממשית,31.0345,35.0478,,
מנוחה,31.6562,34.7773,,
מנוף,32.8533,35.2374,,
מנות,33.0387,35.1952,,
מנחמיה,32.6643,35.5553,,
מנחת מחניים,32.9781,35.572,,
מנרה,33.1954,35.5437,,
מנשית זבדה,32.7062,35.1924,,
מסד,32.8442,35.4232,,
מסדה,32.6823,35.5977,,
מסילת ציון,31.8014,35.0095,,
מסלול,31.3253422,34.5885811,,
מסעדה,33.2321,35.7556,,
מסעודין אל-עזאזמה,31.199264,34.817449,,
מע'אר,32.8907,35.4046,,
מעגלים,31.398859,34.598239,,
מעגלים גבעולים מלילות,31.397604,34.593821,,
מעגן,32.7063,35.6006,,
מעגן מיכאל,32.5587,34.9178,,
מעון,31.4146,35.1639,,
מעון צופיה,31.8557,34.7379,,
מעונה,33.0169,35.2636,,
מעיין ברוך,33.2393,35.6094,,
מעיין צבי,32.5685,34.9406,,
מעיליא,33.0272,35.2563,,
מעלה אדומים,31.7774,35.298,,
מעלה אפרים,32.0713,35.4039,,
מעלה גמלא,32.8883,35.686,,
מעלה החמישה,31.8174,35.1094,,
מעלה חבר,31.4871,35.1651,,
מעלה מכמש,31.8791,35.3059,,
מעלה עירון,32.5541,35.1825,,
מעלה עמוס,31.5969,35.2294,,
מעלה צביה,32.8894,35.3314,,
מעלה רחבעם,31.6494,35.2589,,
מעלה שומרון,32.1654,35.0697,,
מעלות תרשיחא,33.015,35.276,,
מענית,32.458,35.0266,,
מעש,32.0635,34.8926,,
מפלסים,31.5022,34.5617,,
מצדה,31.3114,35.3627,,
מצובה,33.0623,35.1557,,
מצוקי דרגות,31.591,35.3933,,
מצליח,31.9064,34.8713,,
מצפה,32.79,35.5079,,
מצפה אבי''ב,32.837951,35.201059,,
מצפה אילן,32.4614,35.0689,,
מצפה נטופה,32.8017,35.3835,,
מצפה שלם,31.5689,35.4004,,
מצר,32.4402,35.0477,,
מקווה ישראל,32.03,34.7829,,
מרגליות,33.2165,35.5444,,
מרום גולן,33.1326,35.7771,,
מרחב עם,30.888,34.8282,,
מרחביה מושב,32.6048,35.316,,
מרחביה קיבוץ,32.6059,35.3073,,
מרחצאות עין גדי,31.4173,35.3785,,
מרינה,31.680779,34.557664,,
מרכז אזורי דרום השרון,32.1336,34.912,,
מרכז אזורי מבואות חרמון,33.1209,35.5699,,
מרכז אזורי מרום גליל,32.998,35.4415,,
מרכז אזורי משגב,32.8588,35.2598,,
מרכז חבר,32.5483,35.2661,,
מרכז ימי קיסריה,32.5017,34.8925,,
מרכז מיר''ב,32.64726,34.964089,,
מרכז שפירא,31.6969,34.7073,,
מרעית,31.2812,35.0534,,
משאבי שדה,31.004,34.785,,
משגב דב,31.8191,34.7392,,
משגב עם,33.2476,35.5485,,
משהד,32.7389,35.3225,,
משואות יצחק,31.7026,34.69,,
משמר איילון,31.8725,34.9433,,
משמר דוד,31.8236,34.9007,,
משמר הירדן,33.0035,35.5983,,
משמר הנגב,31.3648,34.718,,
משמר השבעה,32.0109,34.8223,,
משמרות,32.4865,34.9839,,
משמרת,32.2276,34.9221,,
משען,31.6569,34.6216,,
מתחם בני דרום,31.8233,34.6994,,
מתחם פי גלילות,32.1384,34.8045,,
מתחם צומת שוקת,31.3095,34.8982,,
מתן,32.1594,34.9732,,
מתת,33.0417,35.3567,,
מתתיהו,31.9297,35.035,,
נאות גולן,32.787,35.6932,,
נאות הכיכר,30.9334,35.3781,,
נאות מרדכי,33.1598,35.5956,,
נאות סמדר,30.0491,35.0281,,
נבטים,31.2198,34.8825,,
נבי סמואל,31.8329,35.1811,,
נגבה,31.6625,34.6796,,
נגוהות,31.4931,34.9833,,
נהורה,31.6213,34.7045,,
נהלל,32.6908,35.1961,,
נהריה,33.0085,35.0981,,
נוב,32.8329,35.7836,,
נוגה,31.6257,34.6953,,
נווה,31.1622,34.3298,,
נווה אטי''ב,33.26202,35.740574,,
נווה אילן,31.8076,35.0809,,
נווה דניאל,31.6763,35.1433,,
נווה זוהר,31.1521,35.3648,,
נווה זיו,33.0274,35.1843,,
נווה חריף,30.0398,35.0365,,
נווה ים,32.6798,34.9319,,
נווה ימין,32.1717,34.9394,,
נווה ירק,32.1327,34.9255,,
נווה מבטח,31.8068,34.7412,,
נווה מיכאל - רוגלית,31.6728,35.0037,,
נווה שלום,31.8174,34.9783,,
נועם,31.5686,34.7882,,
נוף איילון,31.8712,34.9913,,
נוף הגליל,32.71,35.3227,,
נופי נחמיה,32.0982,35.2359,,
נופי פרת,31.8235,35.3199,,
נופים,32.1555,35.0998,,
נופית,32.7634,35.1483,,
נופך,32.0437,34.9203,,
נוקדים,31.6458,35.2504,,
נורדיה,32.3147,34.8968,,
נורית,32.5432,35.3558,,
נחל עוז,31.4727,34.4977,,
נחלה,31.66,34.7928,,
נחליאל,31.9735,35.1404,,
נחלים,32.0586,34.9136,,
נחם,31.7665,35.0036,,
נחף,32.9347,35.3165,,
נחשולים,32.6131,34.9222,,
נחשון,31.8316,34.956,,
נחשונים,32.0632,34.947,,
נטועה,33.0654,35.3234,,
נטור,32.8541,35.7526,,
נטע,31.4761,34.9268,,
נטעים,31.9457,34.7751,,
נטף,31.8313,35.0696,,
ניל''י,31.963415,35.04727,,
נין,32.631,35.3494,,
ניצן,31.7375,34.6308,,
ניצנה,30.886,34.4226,,
ניצני עוז,32.3061,35.0033,,
ניצנים,31.7178,34.6346,,
ניר אליהו,32.1976,34.9494,,
ניר בנים,31.6712,34.755,,
ניר גלים,31.8255,34.6825,,
ניר ח''ן,31.608906,34.714282,,
ניר יצחק,31.236,34.3567,,
ניר ישראל,31.6922,34.6381,,
ניר משה,31.4775,34.6301,,
ניר עוז,31.3097,34.4021,,
ניר עם,31.518459,34.580544,,
ניר עציון,32.6991,34.9925,,
ניר עקיבא,31.4699,34.6462,,
ניר צבי,31.9544,34.8615,,
נירים,31.3357,34.3941,,
נירית,32.1462,34.9848,,
נמרוד,33.2453,35.7516,,
נס הרים,31.7442,35.0594,,
נס עמים,32.9655,35.1216,,
נס ציונה,31.9321,34.8013,,
נעורה,32.6082,35.3937,,
נען,31.8832,34.8592,,
נצר חזני,31.8214,34.8626,,
נצר סרני,31.9228,34.8212,,
נצרת,32.6996,35.3035,,
נשר,32.7649,35.0492,,
נתיב הל''ה,31.687184,34.982523,,
נתיב העשרה,31.5724,34.5393,,
נתיב השיירה,32.9912,35.1307,,
נתיבות,31.4232,34.5953,,
נתניה - מזרח,32.3001,34.8727,,
נתניה - מערב,32.3095,34.8542,,
סאג'ור,32.9431,35.3436,,
סאסא,33.0287,35.3946,,
סביון,32.0456,34.8766,,
סגולה,31.6695,34.7784,,
סואעד חמירה,32.7669,35.1682,,
סולם,32.6056,35.3343,,
סוסיא,31.3866,35.1204,,
סופה,31.2383,34.342,,
סיט,31.7912002547223,34.6394912772076,,
סינמה סיטי גלילות,32.1473,34.8063,,
סכנין,32.8642,35.2945,,
סלמה,32.8932,35.3705,,
סלעית,32.2426,35.0513,,
סנדלה,32.5224,35.3244,,
סנסנה,31.3618,34.901,,
סעד,31.4702,34.5344,,
סעייה-מולדה,31.261071,34.975564,,
סער,33.0287,35.1092,,
ספסופה - כפר חושן,33.0131,35.4402,,
סתריה,31.8899,34.8421,,
ע'ג'ר,33.2728,35.6242,,
עבדון,33.0488,35.1791,,
עבדת,30.7923,34.7687,,
עברון,32.9911,35.1,,
עגור,31.6975,34.912,,
עדי,32.7824,35.1734,,
עדנים,32.1388,34.9091,,
עוזה,31.593,34.7645,,
עוזייר,32.7906,35.3269,,
עולש,32.332,34.9853,,
עומר,31.2643,34.8499,,
עופר,32.6219,34.9835,,
עופרים,32.0186,35.0446,,
עוצם,31.6377,34.7051,,
עזר,31.7362,34.6714,,
עזריאל,32.2628,34.9711,,
עזריה,31.8905,34.9119,,
עזריקם,31.7517,34.6948,,
עידן,30.8063,35.2999,,
עיילבון,32.837949,35.399996,,
עיינות,31.9158,34.7681,,
עילבון,32.8379,35.4,,
עילוט,32.7173,35.2615,,
עין איילה,32.63,34.9443,,
עין אל אסד,32.9408,35.401,,
עין אל-סהלה,32.4915,35.1175,,
עין בוקק,31.2002,35.3625,,
עין גב,32.7834,35.6401,,
עין גדי,31.4512,35.3836,,
עין דור,32.6555,35.4164,,
עין הבשור,31.2809,34.4434,,
עין הוד,32.7003,34.9827,,
עין המפרץ,32.9026,35.093,,
עין השלושה,31.3517,34.4035,,
עין ורד,32.2645,34.9307,,
עין זיוון,33.0965,35.7963,,
עין חוד,32.6914,34.9991,,
עין חצבה,30.7972,35.2453,,
עין חרוד,32.5631,35.3917,,
עין יעקב,33.0093,35.229,,
עין כמונים,32.9194,35.4301,,
עין כרמל,32.6779,34.9537,,
עין מאהל,32.7243,35.3534,,
עין נקובא,31.7939,35.1197,,
עין עירון,32.4844,35.0101,,
עין צורים,31.6949,34.7187,,
עין קנייא,33.2367,35.7313,,
עין ראפה,31.7906,35.1165,,
עין שמר,32.4619,35.0067,,
עין שריד,32.2749,34.9342,,
עין תמר,30.9436,35.3741,,
עינבר,32.9097,35.4237,,
עינת,32.0819,34.9375,,
עיר אובות,30.809,35.2444,,
עכו,32.9331,35.0827,,
עכו - אזור תעשייה,32.8984,35.0863,,
עלומים,31.453,34.5147,,
עלי,32.0712,35.2669,,
עלי זהב,32.0722,35.0641,,
עלמה,33.0519,35.4996,,
עלמון,31.8321,35.2968,,
עמוקה,32.9977,35.5248,,
עמיחי,32.0464,35.3283,,
עמינדב,31.7517,35.1424,,
עמיעד,32.9304,35.5405,,
עמיעוז,31.248463,34.413404,,
עמיקם,32.5646,35.0203,,
עמיר,33.1777,35.6198,,
עמנואל,32.1607,35.136,,
עמקה,32.9777,35.1618,,
ענב,32.2836,35.1252,,
עפולה,32.6105,35.2879,,
עץ אפרים,32.1194,35.0464,,
עצמון - שגב,32.8658,35.2523,,
עראבה,32.8537,35.3372,,
ערב אל עראמשה,33.0888,35.2288,,
ערב אל-נעים,32.8881,35.2901,,
ערד,31.2614,35.2149,,
ערוגות,31.7328,34.7762,,
ערוער - ערערה בנגב,31.160927,35.019757,,
ערערה,32.4963,35.0973,,
ערערה בנגב,31.1561,35.023,,
ערערה-בנגב,31.160927,35.019757,,
עשאהל,31.373,35.0435,,
עשרת,31.8249,34.7475,,
עתלית,32.6909,34.9429,,
עתניאל,31.4388,35.0282,,
פארק תעשיות פלמחים,31.9532,34.7675,,
פארק תעשייה ראם,31.7682,34.7552,,
פדויים,31.3263,34.6121,,
פדיה,31.8578,34.8838,,
פוריה כפר עבודה,32.7198,35.5456,,
פוריה נווה עובד,32.7438,35.5381,,
פוריה עילית,32.7327,35.5462,,
פוריידיס,32.5974,34.9519,,
פורת,32.2771,34.9488,,
פטיש,31.3278,34.56,,
פלך,32.9336,35.233,,
פלמחים,31.9327,34.7069,,
פני קדם,31.5895,35.1951,,
פנימיית עין כרם,31.7788,35.1533,,
פסגות,31.9,35.2239,,
פסוטה,33.0478,35.3088,,
פעמי תש''ז,31.4383,34.6921,,
פקיעין,32.9762,35.3358,,
פרדסיה,32.305,34.9117,,
פרוד,32.9331,35.4343,,
פרי גן,31.222,34.3559,,
פתח תקווה,32.084,34.8878,,
פתחיה,31.867,34.8869,,
צאלים,31.2039,34.5334,,
צבעון,33.0264,35.4167,,
צובה,31.7844,35.118,,
צוחר,31.23717,34.426444,,
צוחר ואוהד,31.23717,34.426444,,
צופים,32.1979,35.0107,,
צופית,32.1949,34.9201,,
צור הדסה,31.7194,35.097,,
צור יצחק,32.2415,34.998,,
צור משה,32.2989,34.9131,,
צור נתן,32.2397,35.014,,
צוריאל,33.0065,35.3148,,
צורית גילון,32.9043,35.2322,,
צורן,32.277644,34.919297,,
ציפורי,32.7467,35.2764,,
צלפון,31.8056,34.9318,,
צפריה,32.0043,34.8547,,
צפרירים,31.6596,34.9443,,
צפת,32.9646,35.496,,
צרופה,32.6478,34.9465,,
צרעה,31.7627,34.9669,,
קבוצת גבע,32.5661,35.3728,,
קבוצת יבנה,31.814,34.7191,,
קדומים,32.2124,35.1574,,
קדימה,32.277644,34.919297,,
קדימה-צורן,32.283,34.9119,,
קדיתא,33.006,35.4683,,
קדמה,31.7008,34.7749,,
קדמת צבי,33.0295,35.6977,,
קדר,31.7544,35.3107,,
קדרון,31.8141,34.7955,,
קדרים,32.8989,35.4716,,
קדש ברנע,30.9034,34.3967,,
קוממיות,31.6626,34.7293,,
קורנית,32.8444,35.2519,,
קטורה,29.9709,35.0614,,
קיבוץ דן,33.2406,35.6523,,
קיסריה,32.519,34.9045,,
קלחים,31.4498,34.6791,,
קלנסווה,32.2858,34.9815,,
קלע,33.1317,35.6839,,
קציר,32.4852,35.1087,,
קצר א-סר,31.083329,34.979579,,
קצר-א-סיר,31.083329,34.979579,,
קצר-א-סיר והפזורה,31.0865,34.9979,,
קצרין,32.991,35.6899,,
קצרין - אזור תעשייה,32.989259,35.710742,,
קריית אונו,32.0549,34.8589,,
קריית אתא,32.8052,35.0925,,
קריית ביאליק,32.8322,35.0884,,
קריית גת,31.611148,34.768459,,
קריית חינוך מרחבים,31.3142,34.5999,,
קריית טבעון-בית זייד,32.702414,35.131109,,
קריית ים,32.8493,35.0689,,
קריית יערים,31.8028,35.0999,,
קריית מוצקין,32.8382,35.0795,,
קריית מלאכי,31.7302,34.747,,
קריית נטפים,32.1173,35.1121,,
קריית ענבים,31.8099,35.1208,,
קריית עקרון,31.8625,34.822,,
קריית שמונה,33.2079,35.5702,,
קרית ארבע,31.5293,35.1156,,
קרית אתא,32.809144,35.119773,,
קרית חינוך מרחבים,31.3138394,34.5749882,,
קרית מוצקין,32.838202,35.079523,,
קרני שומרון,32.1716,35.0975,,
קשת,32.9804,35.8085,,
ראמה,32.9371,35.367,,
ראס אל-עין,32.9157,35.3727,,
ראס עלי,32.7729,35.1555,,
ראש הנקרה,33.0861,35.1135,,
ראש העין,32.0958,34.9522,,
ראש פינה,32.9704,35.5427,,
ראש צורים,31.6678,35.1253,,
ראשון לציון - מזרח,31.9723,34.8066,,
ראשון לציון - מערב,31.981,34.7679,,
רבבה,32.1187,35.1296,,
רבדים,31.774,34.8148,,
רביבים,31.0452,34.7211,,
רביד,32.8506,35.4641,,
רגבה,32.9775,35.0991,,
רגבים,32.5234,35.034,,
רהט,31.394548,34.753934,,
רהט והפזורה,31.4033,34.7582,,
רווחה,31.6487,34.7337,,
רוחמה,31.4974,34.7052,,
רומאנה,32.7881,35.3112,,
רומת אל הייב,32.7776,35.3057,,
רחובות,31.8928,34.8113,,
רחלים,32.1025,35.2578,,
רטורנו - גבעת שמש,31.7759,34.9474,,
ריחאנייה,33.0499,35.4871,,
ריחן,32.4688,35.1353,,
ריינה,32.7199,35.3177,,
רינתיה,32.0444,34.9285,,
רכסים,32.7493,35.0996,,
רם און,32.5287,35.2587,,
רמות,32.8504,35.6652,,
רמות השבים,32.1651,34.8815,,
רמות מאיר,31.8744,34.8552,,
רמות נפתלי,33.1024,35.5533,,
רמלה,31.9316,34.8729,,
רמת גן,32.068424,34.824785,,
רמת גן - מזרח,32.0529,34.8416,,
רמת גן - מערב,32.0706,34.8275,,
רמת דוד,32.679,35.204,,
רמת הכובש,32.2183,34.9383,,
רמת הנדיב,32.5524,34.9453,,
רמת השרון,32.1378,34.8403,,
רמת יוחנן,32.7935,35.1222,,
רמת ישי,32.704,35.166,,
רמת מגשימים,32.8441,35.8066,,
רמת צבי,32.592,35.4145,,
רמת רזיאל,31.7736,35.0744,,
רנן,31.3387,34.6004,,
רעים,31.3862,34.4588,,
רעננה,32.1848,34.8713,,
רקפת,32.8556,35.2642,,
רשפון,32.2019,34.8247,,
רתמים,31.054,34.6909,,
שאנטי במדבר,30.8333,34.7366,,
שאר ישוב,33.2263,35.6468,,
שבי דרום,31.4664,34.6386,,
שבי ציון,32.9821,35.083,,
שבלי,32.6863,35.4061,,
שגב שלום,31.198361,34.839665,,
שגב שלום והפזורה,31.1984,34.8397,,
שגב-שלום,31.198361,34.839665,,
שדה אברהם,31.2116,34.3357,,
שדה אילן,32.7505,35.4224,,
שדה אליעזר,33.0465,35.5653,,
שדה בוקר,30.8736,34.7931,,
שדה דוד,31.5775,34.6834,,
שדה ורבורג,32.2087,34.9033,,
שדה יואב,31.6457,34.6768,,
שדה יעקב,32.6976,35.1413,,
שדה יצחק,32.405,34.9922,,
שדה משה,31.611,34.8004,,
שדה נחמיה,33.1882,35.6231,,
שדה ניצן,31.23,34.4184,,
שדה עוזיהו,31.7584,34.6782,,
שדה צבי,31.4487,34.7132,,
שדות ים,32.4926,34.8932,,
שדות מיכה,31.7214,34.9207,,
שדי חמד,32.1585,34.9428,,
שדמה,31.8338,34.7401,,
שדמות דבורה,32.6962,35.4364,,
שדרות,31.522694,34.595581,,
שהם,31.9958,34.9488,,
שואבה,31.7994,35.079,,
שובה,31.4501874944935,34.5450936566071,,
שובל,31.4137,34.7458,,
שומרה,33.0825,35.282,,
שומריה,31.4322,34.8841,,
שומרת,32.9515,35.095,,
שוקדה,31.4221,34.5244,,
שורש,31.7975,35.0653,,
שורשים,32.8927,35.2586,,
שזור,32.9339,35.3545,,
שחר,31.6184063,34.7240639,,
שחרות,29.9041,34.9992,,
שיבולים,31.3964,34.6081,,
שיטים,30.1764,35.0167,,
שייח' דנון,32.9938,35.1486,,
שילת,31.9212,35.0146,,
שכניה,32.8492,35.2467,,
שלומי,33.0726,35.1459,,
שלומית,31.1697,34.3032,,
שמיר,33.1668,35.66,,
שמעה,31.3873,35.0127,,
שמשית,32.7325,35.2465,,
שני ליבנה,31.3566,35.0699,,
שניר,33.2403,35.677,,
שעב,32.8897,35.2388,,
שעל,33.1165,35.7188,,
שעלבים,31.8702,34.9843,,
שער אפרים,32.2907,34.9994,,
שער הגולן,32.6869,35.6047,,
שער העמקים,32.7226,35.1106,,
שער מנשה,32.4439,35.011,,
שערי תקווה,32.1207,35.027,,
שפיים,32.2166,34.8224,,
שפיר,31.6976,34.7282,,
שפר,32.9446,35.4378,,
שפרעם,32.8058,35.17,,
שקד,32.4737,35.1684,,
שקף,31.5149,34.9373,,
שרונה,32.7259,35.4672,,
שריגים - ליאון,31.6786,34.9351,,
שריד,32.6631,35.2248,,
שרשרת,31.4048,34.6044,,
שתולה,33.0859,35.3156,,
שתולים,31.7737,34.6844,,
תארבין,31.345481,34.739126,,
תאשור,31.3717,34.6435,,
תדהר,31.3789,34.6304,,
תובל,32.9285,35.2457,,
תחנת רכבת כפר יהושוע,32.6811,35.1246,,
תחנת רכבת ראש העין,32.1209,34.9345,,
תימורים,31.7163,34.7614,,
תירוש,31.7503,34.8859,,
תל אביב - דרום העיר ויפו,32.0462,34.7654,,
תל אביב - יפו,32.0852999,34.7817676,,
תל אביב - מזרח,32.0578,34.7987,,
תל אביב - מרכז העיר,32.0798,34.7772,,
תל אביב - עבר הירקון,32.1213,34.8203,,
תל חי,33.2334,35.5827,,
תל יוסף,32.5567,35.3989,,
תל יצחק,32.2527,34.8724,,
תל מונד,32.2566,34.9185,,
תל עדשים,32.6574,35.3025,,
תל ערד,31.2782985,35.1266529,,
תל ערד ואל פורה,31.2782985,35.1266529,,
תל ציון,31.8804,35.2391,,
תל קציר,32.7064,35.6179,,
תל שבע,31.2476,34.8612,,
תלם,31.5631,35.0312,,
תלמי אליהו,31.2296,34.4291,,
תלמי אלעזר,32.4472,34.975,,
תלמי ביל''ו,31.4381,34.6448,,
תלמי יוסף,31.2,34.3638,,
תלמי יחיאל,31.7536,34.7643,,
תלמי יפה,31.6169,34.6125,,
תלמים,31.5634,34.672,,
תמרת,32.7038,35.2255,,
תנובות,32.3059,34.9626,,
תעוז,31.8013,34.972,,
תעשיון חצב,32.0717,34.9544,,
תעשיון צריפין,31.9624,34.8533,,
תפרח,31.3245,34.6792,,
תקומה,31.4485,34.5781,,
תקומה וחוות יזרעם,31.448536,34.578085,,
תקוע,31.6528,35.2275,,
תראבין א-צאנע ופזורה,31.345481,34.739126,,
תרום,31.7833,34.9802,,
אביחיל,32.350708,34.871229,,
אבני חפץ,32.284628,35.074551,,
אזור תעשייה בראון,32.248791,35.168086,,
אזור תעשייה טירה,32.235466,34.950506,,
אזור תעשייה יקנעם עילית,32.661865,35.105388,,
אזור תעשייה מבוא כרמל,32.620691,35.077981,,
אזור תעשייה מישור אדומים,31.79011599999999,35.3315771,,
אזור תעשייה עמק חפר,32.4048824,34.8967208,,
אזור תעשייה צבאים,32.494533,35.511283,,
אזור תעשייה שער בנימין,31.865575,35.261645,,
אחיה,32.076593,34.8321587,,
אחיטוב,32.387701,34.990826,,
אייל,32.210711,34.978259,,
איתמר,32.173869,35.308029,,
אלון,31.833354,35.353557,,
אלון מורה,32.234418,35.331201,,
אליכין,32.407659,34.925028,,
אליפז ומכרות תמנע,29.7882452,35.0031576,,
אליקים,32.633345,35.067613,,
אלישיב,32.380196,34.909945,,
אלמוג,31.790034,35.461968,,
אמץ,32.369216,34.993129,,
ארגמן,32.17334,35.522285,,
באר אורה,29.710166,34.987218,,
בחן,32.351831,35.018542,,
ביר הדאג',31.02316,34.709138,,
בית אל,31.9416,35.222734,,
בית אלפא וחפציבה,32.5186116,35.4273788,,
בית הלוי,32.351596,34.930443,,
בית הערבה,31.807762,35.476411,,
בית השיטה,32.550874,35.439351,,
בית חזון,32.387178,34.91291,,
בית חרות,32.376223,34.873765,,
בית יוסף,32.558698,35.552773,,
בית ינאי,32.381729,34.863507,,
ביתן אהרן,32.364928,34.86956,,
בני עי'ש,31.790235,34.759291,,
בסמ'ה,32.52940100000001,35.103199,,
בת חן,32.360194,34.872388,,
בת חפר,32.333714,35.013729,,
גאולי תימן,32.391837,34.900989,,
גבעון החדשה,31.848896,35.159029,,
גבעות גורל,31.34341,34.829009,,
גבעת אסף,31.046051,34.851612,,
גבעת הראל וגבעת הרואה,31.046051,34.851612,,
גבעת חיים איחוד,32.396745,34.932978,,
גבעת חיים מאוחד,32.392148,34.929447,,
גבעת עוז,32.555934,35.198004,,
גבעת שפירא,32.35763,34.875845,,
גדיש,32.558844,35.24443,,
גיתית,32.100273,35.395443,,
גלגל,32.000016,35.444643,,
גלעד,32.558075,35.076559,,
גן יאשיה,32.349487,34.996245,,
גני מודיעין,31.9297927,35.0176666,,
גשר,32.621205,35.550376,,
דביר,31.411699,34.825177,,
דוב'ב,33.0508,35.407747,,
דולב,31.926249,35.133591,,
דליה,32.58925,35.076965,,
הדר עם,32.349653,34.898945,,
המעפיל,32.378035,34.983146,,
המרכז האקדמי רופין,32.342406,34.912319,,
העוגן,32.360437,34.923338,,
ורד יריחו,31.826192,35.432139,,
חבצלת השרון וצוקי ים,32.360122,34.858542,,
חגלה,32.38907,34.924252,,
חוות עדן,32.465804,35.486637,,
חוות ערנדל,30.1149442,35.151469,,
חופית,32.386082,34.874078,,
חיבת ציון,32.397995,34.911931,,
חמדיה,32.519773,35.520568,,
חמדת,32.252028,35.526843,,
חמרה,32.199688,35.43735,,
חניאל,32.332803,34.947693,,
חרב לאת,32.403526,34.917146,,
חרמש,32.423726,35.118993,,
חרשה,31.9443811,35.1480438,,
טירת צבי,32.422486,35.52832,,
טלמון,31.939475,35.133131,,
יד חנה,32.325311,35.006692,,
יד רמב'ם,31.899841,34.900086,,
ייט'ב,31.947215,35.422375,,
יקנעם המושבה והזורע,32.655859,35.115152,,
יקנעם עילית,32.660225,35.104606,,
ירדנה,32.565357,35.565978,,
כוכב השחר,31.960264,35.349421,,
כפר אדומים,31.827216,35.337189,,
כפר ביל'ו,31.870475,34.826734,,
כפר גמילה מלכישוע,32.438568,35.412757,,
כפר הרא'ה,32.391037,34.910917,,
כפר הרי'ף וצומת ראם,31.747029,34.790928,,
כפר ויתקין,32.380541,34.875308,,
כפר חב'ד,31.990144,34.849103,,
כפר חיים,32.353857,34.900709,,
כפר ידידיה,32.344902,34.899038,,
כפר מונש,32.345607,34.916426,,
כפר מל'ל,32.167567,34.894744,,
כפר רופין,32.457549,35.555673,,
כרם בן שמן,31.958896,34.934104,,
כרם מהר'ל,32.644325,34.99145,,
כרמי קטיף,31.537825,34.911993,,
מבוא דותן,32.420772,35.173869,,
מבואות יריחו,31.9074488,35.4155538,,
מגדל תפן,32.9766793,35.278017,,
מגרון,31.9485955,35.1708741,,
מדרך עוז,32.594648,35.157976,,
מולדת,32.586196,35.438941,,
מחולה,32.365285,35.51602,,
מירב,32.452041,35.422479,,
מכון וינגייט,32.2630364,34.837004,,
מכורה,32.164159,35.423623,,
מכמורת,32.406504,34.871551,,
מלאה,32.563149,35.237528,,
מסילות,32.497362,35.474651,,
מעברות,32.7927745,34.9853634,,
מעוז חיים,32.49407,35.550767,,
מעלה גלבוע,32.476065,35.420637,,
מעלה לבונה,32.054436,35.239503,,
מצפה אבי'ב,32.837951,35.201059,,
מצפה יריחו,31.815688,35.395409,,
מצפה רמון,30.610203,34.801898,,
מרכז אומן,32.564279,35.241941,,
מרכז אזורי מגילות,32.0245041,34.8058575,,
מרכז מיר'ב,32.64726,34.964089,,
משואה,32.111805,35.490255,,
משכיות,32.317865,35.502754,,
משמר העמק,32.610063,35.142673,,
משמר השרון,32.356305,34.904256,,
נאות חובב,31.135,34.791,,
נוה איתן,32.492304,35.533119,,
נווה אור,32.589025,35.554544,,
נחושה,31.628848,34.952732,,
ניל'י,31.963415,35.04727,,
ניר דוד,32.504062,35.457622,,
ניר ח'ן,31.608906,34.714282,,
ניר יפה,32.568982,35.244896,,
נעורים,31.9739,34.814382,,
נעלה,31.962594,35.065976,,
נעמה,32.0596125,34.7897434,,
נערן,31.968178,35.453892,,
נריה,31.974868,34.773273,,
נתיב הגדוד,31.989412,35.443281,,
נתיב הל'ה,31.687184,34.982523,,
סמר,29.833968,35.022204,,
ספיר,31.5093864,34.594523,,
עדי עד,32.039832,35.335182,,
עזוז,30.792202,34.472404,,
עטרת,32.001207,35.176982,,
עין החורש,32.385871,34.939994,,
עין הנצי'ב,32.47071,35.501973,,
עין העמק,32.629664,35.082246,,
עין השופט,32.596811,35.100445,,
עין חרוד איחוד,32.563099,35.391666,,
עין יהב,30.658757,35.239656,,
עספיא,32.720737,35.059087,,
עפרה,31.955101,35.260324,,
פארן,30.362646,35.155149,,
פדואל,32.062479,35.052619,,
פעמי תש'ז,31.437967,34.692875,,
פצאל,32.043492,35.443753,,
פקיעין החדשה,32.982195,35.323408,,
פרדס חנה-כרכור,32.4728028,34.9742001,,
צופר,30.559394,35.181474,,
צוקים,30.491551,35.165443,,
קיבוץ מגידו,32.577899,35.179972,,
קידה,32.0502857,35.340735,,
קליה,31.749896,35.466131,,
רוויה,32.448638,35.473118,,
רועי,32.24751,35.48948,,
רותם,32.3366,35.518576,,
רחוב,32.451099,35.489598,,
רימונים,31.935382,35.340494,,
רמות מנשה,32.583333,35.133333,,
רמת השופט,32.609356,35.094079,,
רשפים,32.481235,35.47879,,
שבות רחל,32.054539,35.310703,,
שבי שומרון,32.26372,35.183444,,
שדה אליהו,32.441882,35.513803,,
שדה נחום,32.525068,35.480855,,
שדי תרומות,32.440898,35.484204,,
שדמות מחולה,32.347731,35.530587,,
שושנת העמקים,32.354794,34.856814,,
שילה,32.0882276,34.7736678,,
שלווה,31.563697,34.766832,,
שלוחות,32.472608,35.480488,,
שלפים,32.4769827,35.4800624,,
תומר,32.018587,35.4398,,
תל תאומים,32.442537,35.496409,,
תלמי ביל'ו,31.438055,34.644823,,
,32.958,,אבו סנאן,35.172
,31.1031,,אבו קרינאת והפזורה,34.952
,31.8063,,אבו-גוש,35.1092
,31.1907,,אבו-תלול והפזורה,34.9161
,32.8358,,אבטליון,35.3504
,32.5313,,אביאל,34.9935
,33.0894,,אביבים,35.4703
,31.7119,,אביגדור,34.7404
,32.3507,,אביחיל,34.8712
,31.682,,אביעזר,35.0188
,33.0381,,אבירים,35.286
,32.2766,,אבן יהודה,34.8851
,33.0751,,אבן מנחם,35.2952
,31.7625,,אבן ספיר,35.135
,31.5764,,אבן שמואל,34.763
,32.8248,,אבני איתן,35.7658
,32.2846,,אבני חפץ,35.0746
,31.679,,אבנת,35.4369
,31.1954,,אבשלום,34.3312
,31.5522,,אדורה,35.0176
,31.4827,,אדוריים,35.0436
,33.0788,,אדמית,35.2095
,31.6597,,אדרת,34.9944
,32.2669,,אודים,34.847
,33.1934,,אודם,35.7496
,32.7144,,בית ירח,35.574
,32.5171,,אום אל פחם,35.1485
,32.4681,,אום אל קוטוף,35.0592
,32.6867,,אום אל-גנם,35.3903
,31.2694,,אום בטין והפזורה,34.8811
,31.3113,,אופקים,34.6228
,33.0052,,אור הגנוז,35.4467
,31.5562,,אור הנר,34.6023
,32.0297,,אור יהודה,34.8562
,32.51,,אור עקיבא,34.9204
,31.7521,,אורה,35.1502
,30.9115,,אורון תעשייה ומסחר,35.0177
,31.74176,,אורות,34.734758
,33.0862,,אורטל,35.7587
,31.3041,,אורים,34.5249
,32.7112,,אורנים,35.1096
,32.1319,,אורנית,34.9908
,32.7965,,אושה,35.1146
,32.0296,,אזור,34.7996
,33.0684,,אזור תעשייה אכזיב מילואות,35.1102
,32.6345,,אזור תעשייה אלון התבור,35.3603
,32.10799,,אזור תעשייה אפק ולב הארץ,34.953088
,31.7249,,אזור תעשייה באר טוביה,34.751
,32.8023,,אזור תעשייה בני יהודה,35.7156
,32.9063,,אזור תעשייה בר-לב,35.1948
,32.2488,,אזור תעשייה בראון,35.1681
,31.7331,,אזור תעשייה ברוש,34.9594
,31.0646,,אזור תעשייה דימונה,35.0188
,31.6361,,אזור תעשייה הדרומי אשקלון,34.5545
,31.7728,,אזור תעשייה הר טוב - צרעה,34.9981
,32.0131,,אזור תעשייה חבל מודיעין,34.9595
,32.9842,,אזור תעשייה חצור הגלילית,35.5521
,32.2267,,אזור תעשייה טירה,34.9791
,32.6639,,אזור תעשייה יקנעם עילית,35.105
,31.8013,,אזור תעשייה כנות,34.7591
,32.9263,,אזור תעשייה כרמיאל,35.3191
,32.6207,,אזור תעשייה מבוא כרמל,35.078
,32.5672,,אזור תעשייה מבואות הגלבוע,35.2676
,31.7925,,אזור תעשייה מישור אדומים,35.335
,31.3726,,אזור תעשייה מיתרים,35.0055
,31.4138,,אזור תעשייה נ.ע.מ,34.6149
,32.7019,,אזור תעשייה ניר עציון,34.973
,31.9179,,אזור תעשייה נשר - רמלה,34.892
,31.7581,,אזור תעשייה עד הלום,34.6559
,31.3808,,אזור תעשייה עידן הנגב,34.786
,32.4049,,אזור תעשייה עמק חפר,34.8967
,32.9705521,,אזור תעשייה צ.ח.ר,35.5646455
,32.5425,,אזור תעשייה צבאים,35.5031
,32.7595,,אזור תעשייה ציפורית,35.3161
,32.7033,,אזור תעשייה צמח,35.5869
,31.6647,,אזור תעשייה צפוני אשקלון,34.5981
,32.7854,,אזור תעשייה קדמת גליל,35.4631
,32.4865,,אזור תעשייה קיסריה,34.9464
,31.5962,,אזור תעשייה קריית גת,34.7848
,32.5217,,אזור תעשייה רגבים,35.024
,31.06,,אזור תעשייה רותם,35.1949
,33.0279,,אזור תעשייה רמת דלתון,35.4768
,29.5979,,אזור תעשייה שחורת,34.9719
,31.8654,,אזור תעשייה שער בנימין,35.2617
,32.8805,,אזור תעשייה שער נעמן,35.0976
,31.7242,,אזור תעשייה תימורים,34.7615
,32.8677,,אזור תעשייה תרדיון,35.2731
,31.7429,,אחווה,34.7678
,31.5527,,אחוזם,34.7701
,32.6431,,אחוזת ברק,35.3389
,32.0605,,אחיה,35.3273
,32.9074,,אחיהוד,35.1717
,32.3877,,אחיטוב,34.9908
,31.9319,,אחיסמך,34.9086
,31.9817,,אחיעזר,34.8718
,32.76,,איבטין,35.1146
,32.211823,,אייל,34.979862
,33.0211,,איילת השחר,35.5767
,33.0625,,אילון,35.2192
,29.5805,,אילות,34.963
,32.7539,,אילניה,35.4082
,29.5577,,אילת,34.9519
,31.9286,,אירוס,34.7766
,32.1739,,איתמר,35.308
,31.5722,,איתן,34.7479
,32.6821,,אכסאל,35.3207
,31.2864,,אל סייד והפזורה,34.9079
,31.7189,,אל עזי,34.8143
,30.7983,,"אל עמארני, אל מסק",35.2346
,32.4981,,אל עריאן,35.1251
,31.2198,,אל פורעה והפזורה,35.1642
,33.1805,,אל רום,35.7701
,32.771,,אל-ח'וואלד מערב,35.1363
,31.652,,אלומה,34.7429
,32.7066,,אלומות,35.5461
,31.8334,,אלון,35.3536
,32.7569,,אלון הגליל,35.2203
,32.2344,,אלון מורה,35.3312
,31.6549,,אלון שבות,35.1253
,32.7309,,אלוני אבא,35.172
,33.0441,,אלוני הבשן,35.8385
,32.51,,אלוני יצחק,35.0052
,32.7215,,אלונים,35.1434
,32.8066,,אלי עד,35.7366
,31.5302,,אליאב,34.9284
,32.4077,,אליכין,34.925
,29.7882,,אליפז ומכרות תמנע,35.0032
,32.9478,,אליפלט,35.5485
,32.6333,,אליקים,35.0676
,32.3802,,אלישיב,34.9099
,32.1548,,אלישמע,34.9305
,32.9127,,אלמגור,35.6023
,31.79,,אלמוג,35.462
,32.0495,,אלעד,34.9507
,31.6597,,אלעזר,35.1431
,32.1706,,אלפי מנשה,35.0149
,33.0343,,אלקוש,35.3263
,32.1106,,אלקנה,35.0321
,31.7439,,אמונים,34.6745
,32.9374,,אמירים,35.4504
,32.905,,אמנון,35.5711
,32.3692,,אמץ,34.9931
,31.5312,,אמציה,34.9145
,32.9566,,אניעם,35.7397
,32.8218,,אעבלין,35.1901
,32.7794,,אפיק,35.703
,32.6806,,אפיקים,35.5777
,32.8383,,אפק,35.1278
,31.6536,,אפרת,35.1499
,32.8127,,ארבל,35.4826
,32.1733,,ארגמן,35.5223
,31.5597,,ארז,34.565
,32.1046,,אריאל,35.1745
,32.2128,,ארסוף,34.816
,31.4455,,אשבול,34.6667
,32.877,,אשבל,35.306
,31.8047,,"אשדוד - א,ב,ד,ה",34.6469
,31.8298,,אשדוד - אזור תעשייה צפוני ונמל,34.6602
,31.7966,,"אשדוד - ג,ו,ז",34.6579
,31.7778,,"אשדוד - ח,ט,י,יג,יד,טז",34.6462
,31.7836,,"אשדוד - יא,יב,טו,יז,מרינה,סיטי",34.6332
,32.6588,,אשדות יעקב איחוד,35.5796
,32.6648,,אשדות יעקב מאוחד,35.5828
,32.8851,,אשחר,35.2996
,31.3912,,אשכולות,34.9049
,31.3268,,אשל הנשיא,34.6975
,30.9642,,אשלים,34.6997
,31.661,,אשקלון - דרום,34.5688
,31.686,,אשקלון - צפון,34.5839
,32.9716,,אשרת,35.1557
,31.7804,,אשתאול,35.0101
,31.3122,,אתר דודאים,34.7338
,32.7774,,אתר ההנצחה גולני,35.4103
,32.4229,,באקה אל גרבייה,35.0358
,29.7102,,באר אורה,34.9872
,31.7004,,באר גנים,34.6109
,31.7371,,באר טוביה,34.7256
,31.9435,,באר יעקב,34.839
,30.9341,,באר מילכה,34.4056
,31.2413,,באר שבע - דרום,34.7711
,31.2345,,באר שבע - מזרח,34.8201
,31.2612,,באר שבע - מערב,34.7794
,31.2698,,באר שבע - צפון,34.8151
,32.042,,בארות יצחק,34.9102
,32.321,,בארותיים,34.9834
,31.4245,,בארי,34.4926
,32.9486,,בוסתן הגליל,35.0807
,32.8077,,בועיינה-נוג'ידאת,35.3653
,33.2027,,בוקעתא,35.7768
,32.326,,בורגתה,34.9638
,32.3518,,בחן,35.0185
,31.3339,,בטחה,34.6343
,31.795,,ביצרון,34.7293
,32.7773,,ביר אלמכסור,35.2206
,31.0302,,ביר הדאג' והפזורה,34.7169
,32.9781,,ביריה,35.5031
,32.7316,,בית אורן,35.0063
,31.9416,,בית אל,35.2227
,31.8447,,בית אלעזרי,34.8066
,32.5187,,בית אלפא וחפציבה,35.4262
,32.0401,,בית אריה,35.0495
,32.1997,,בית ברל,34.9261
,32.9657,,בית ג'אן,35.3813
,31.6129,,בית גוברין,34.8956
,31.8561,,בית גמליאל,34.7609
,32.0018,,בית דגן,34.8297
,31.4228,,בית הגדי,34.6079
,32.3516,,בית הלוי,34.9304
,33.2088,,בית הלל,35.6065
,32.971,,בית העמק,35.1453
,31.8078,,בית הערבה,35.4764
,32.5509,,בית השיטה,35.4394
,31.7831,,בית זית,35.1611
,32.6893,,בית זרע,35.5741
,31.4925,,בית חגי,35.0795
,31.8799,,בית חורון,35.1241
,32.3872,,בית חזון,34.9129
,31.793,,בית חלקיה,34.8097
,31.9352,,בית חנן,34.7756
,32.5295,,בית חנניה,34.9267
,32.3762,,בית חרות,34.8738
,31.8903,,בית חשמונאי,34.9176
,32.2621,,בית יהושע,34.8654
,32.5587,,בית יוסף,35.5528
,32.3817,,בית ינאי,34.8635
,32.3356,,בית יצחק - שער חפר,34.8895
,31.3656,,בית יתיר,35.1113
,32.7346,,בית לחם הגלילית,35.1913
,31.7948,,בית מאיר,35.0368
,31.9771,,בית נחמיה,34.9538
,31.6476,,בית ניר,34.8731
,31.8044,,בית נקופה,35.1269
,32.2408,,בית סוהר השרון,34.8848
,32.5709,,בית סוהר מגידו,35.1898
,30.7265,,בית סוהר נפחא,34.7735
,32.8717,,בית סוהר צלמון,35.4474
,32.7262,,בית סוהר קישון,35.0915
,32.5476,,בית סוהר שיטה וגלבוע,35.4151
,32.5498,,בית ספר אורט בנימינה,34.955
,33.0115,,בית ספר שדה מירון,35.3922
,31.9213,,בית עובד,34.7749
,31.8701,,בית עוזיאל,34.9049
,31.7364,,בית עזרא,34.6575
,32.7678,,בית עלמין תל רגב,35.1219
,31.9954,,בית עריף,34.9351
,32.7189,,בית צבי,34.9697
,31.4466,,בית קמה,34.7622
,32.7184,,בית קשת,35.395
,32.7818,,בית רימון,35.3277
,32.4971,,בית שאן,35.4973
,31.747,,בית שמש,34.9881
,32.6965,,בית שערים,35.1788
,31.6377,,בית שקמה,34.6101
,32.3649,,ביתן אהרן,34.8696
,31.701,,ביתר עילית,35.1119
,32.63,,בלפוריה,35.2963
,31.8572,,בן זכאי,34.7274
,33.0054,,בן עמי,35.1222
,31.9513,,בן שמן,34.9198
,32.0849,,בני ברק,34.8352
,31.5172,,בני דקלים,34.917
,31.8209,,בני דרום,34.6916
,32.2618,,בני דרור,34.9018
,32.7983,,בני יהודה וגבעת יואב,35.6911
,31.1435,,בני נצרים,34.3164
,32.0215,,בני עטרות,34.9101
,31.7902,,בני עי''ש,34.7593
,32.2198,,בני ציון,34.8684
,31.77,,בני ראם,34.7905
,31.8434,,בניה,34.7518
,32.5171,,בנימינה,34.9551
,32.7363,,בסמת טבעון,35.1532
,32.9295,,בענה,35.2719
,32.2145,,בצרה,34.8781
,33.07,,בצת,35.1326
,31.8279,,בקוע,34.9247
,32.2421,,בקעות,35.4526
,31.7297,,בר גיורא,35.0734
,32.9977,,בר יוחאי,35.4482
,32.0822,,ברוכין,35.0941
,31.557,,ברור חיל,34.6465
,31.371091,,ברוש,34.634933
,32.4721,,ברטעה,35.095
,31.668,,ברכיה,34.6243
,33.059,,ברעם,35.4332
,32.4761,,ברקאי,35.031
,32.1095,,ברקן,35.106
,32.0183,,ברקת,34.9432
,31.6481,,בת הדר,34.5971
,32.3602,,בת חן,34.8724
,32.3337,,בת חפר,35.0137
,31.6577,,בת עין,35.1011
,32.6003,,בת שלמה,35.0038
,32.0132,,בת-ים,34.748
,31.1691,,בתי מלון ים המלח,35.3673
,32.9287,,ג'דידה מכר,35.1506
,32.945,,ג'וליס,35.1842
,32.1525,,ג'לג'וליה,34.954
,32.5363,,ג'סר א-זרקא,34.9116
,33.0213,,ג'ש - גוש חלב,35.4479
,32.3984,,ג'ת,35.0361
,32.3918,,גאולי תימן,34.901
,32.2965,,גאולים,34.9439
,31.8856,,גאליה,34.7654
,31.2112,,גבולות,34.4662
,31.5071,,"גבים, מכללת ספיר",34.5974
,32.5661,,קבוצת גבע,35.3728
,31.85,,גבע בנימין,35.2739
,32.6622,,גבע כרמל,34.9541
,31.6789,,גבעות,35.1019
,31.3572,,גבעות בר,34.7555
,31.4098,,גבעות גורל,34.7905
,31.6622,,גבעות עדן,35.0139
,32.7754,,גבעת אבני,35.4362
,32.722,,גבעת אלה,35.2448
,31.9112,,גבעת אסף,35.2481
,31.8666,,גבעת ברנר,34.8023
,32.0563,,גבעת הראל וגבעת הרואה,35.2748
,32.0963,,גבעת השלושה,34.9206
,32.7202,,גבעת וולפסון,35.0161
,31.8175,,גבעת וושינגטון,34.7289
,31.8612,,גבעת זאב,35.1673
,32.457652,,גבעת חביבה,35.02009
,32.3967,,גבעת חיים איחוד,34.933
,32.3921,,גבעת חיים מאוחד,34.9294
,32.1676,,גבעת חן,34.8755
,31.7861,,גבעת יערים,35.0928
,31.6717,,גבעת ישעיהו,34.9437
,32.032091,,גבעת כ''ח,34.938796
,32.549043,,גבעת ניל''י,35.041194
,32.521,,גבעת עדה,35.0114
,32.5559,,גבעת עוז,35.198
,32.0773,,גבעת שמואל,34.8492
,32.3576,,גבעת שפירא,34.8758
,31.7331,,גבעתי,34.6795
,32.0722,,גבעתיים,34.8089
,31.5915,,גברעם,34.6122
,32.6766,,גבת,35.2132
,33.0182,,גדות,35.6195
,32.5499,,גדעונה,35.3592
,31.8123,,גדרה,34.777
,33.124,,גונן,35.6462
,33.0556,,גורן,35.2336
,33.0593,,גורנות הגליל,35.2497
,32.6393,,גזית,35.4462
,31.8761,,גזר,34.9203
,31.6285,,גיאה,34.6027
,31.8883,,גיבתון,34.7991
,31.8056,,גיזו,34.9397
,31.3263,,גילת,34.6489
,32.8487,,גינוסר,35.5232
,31.9628,,גינתון,34.9131
,32.9672,,גיתה,35.2491
,32.1003,,גיתית,35.3954
,31.6334,,גלאון,34.8489
,32.0004,,גלגל,35.4448
,32.5575,,גלעד,35.0763
,31.9272,,גמזו,34.9411
,31.8041,,גן הדרום,34.6999
,32.465,,גן השומרון,34.999
,32.1958,,גן חיים,34.907
,32.3495,,גן יאשיה,34.9962
,31.7831,,גן יבנה,34.7031
,32.5287,,גן נר,35.3363
,31.944,,גן שורק,34.7583
,31.8788,,גן שלמה,34.7989
,32.4529,,גן שמואל,34.9493
,32.0182,,גנות,34.8259
,32.3217,,גנות הדר,34.9007
,31.8782,,גני הדר,34.8576
,31.7886,,גני טל,34.7914
,31.8599,,גני יוחנן,34.8408
,32.1498,,גני עם,34.9034
,32.0605,,גני תקווה,34.8731
,32.6634,,גניגר,35.2599
,32.2285,,געש,34.8244
,33.0061,,געתון,35.2138
,31.7404,,גפן,34.8784
,29.9416,,גרופית,35.0647
,32.8199,,גשור,35.7157
,32.6212,,גשר,35.5504
,33.0405,,גשר הזיו,35.1106
,31.6278,,גת,34.7941
,32.0681,,גת רימון,34.8814
,32.6941,,דבוריה,35.3685
,31.4117,,דביר,34.8252
,32.6467,,דברת,35.3501
,32.7069,,דגניה א,35.5751
,32.6991,,דגניה ב,35.5776
,33.0508,,דוב''ב,35.407747
,31.9262,,דולב,35.1336
,32.607548,,דור,34.923294
,31.5072,,דורות,34.6457
,32.6225,,דחי,35.3436
,31.0694,,דימונה,35.0334
,32.9344,,דיר אל-אסד,35.2684
,32.8623,,דיר חנא,35.3653
,33.0823,,דישון,35.5176
,32.5892,,דליה,35.077
,32.6938,,דלית אל כרמל,35.0554
,33.0166,,דלתון,35.4899
,32.815,,דמיידה,35.2266
,33.2406,,קיבוץ דן,35.6523
,31.3109,,דניאל,34.5931
,33.2308,,דפנה,35.6383
,31.196642,,דקל,34.34709
,32.7267,,האון,35.6227
,32.6366,,הבונים,34.9327
,33.2215,,הגושרים,35.623
,32.3497,,הדר עם,34.8989
,32.15,,הוד השרון,34.8839
,31.6764,,הודיה,34.6393
,32.7886,,הודיות,35.435
,32.7579,,הושעיה,35.2952
,32.7481,,הזורעים,35.4999
,32.7523,,החותרים,34.9575
,32.6128,,היוגב,35.2075
,33.0362,,הילה,35.2446
,32.7054,,המכללה האקדמית כנרת,35.5918
,32.378,,המעפיל,34.9831
,32.3424,,המרכז האקדמי רופין,34.9123
,32.7518,,הסוללים,35.238
,32.3604,,העוגן,34.9233
,31.8245,,הר אדר,35.1297
,32.1933,,הר ברכה,35.2649
,31.7221,,הר גילה,35.1715
,30.6817,,הר הנגב,34.785
,31.3427,,הר עמשא,35.1016
,32.9506,,הר-חלוץ,35.3123
,31.80944,,הראל,34.94903
,32.7637,,הרדוף,35.1747
,32.1738,,הרצליה - מערב,34.8104
,32.1678,,הרצליה - מרכז וגליל ים,34.8413
,32.8457,,הררית יחד,35.3693
,32.8284,,ואדי אל חמאם,35.4917
,31.1413,,ואדי אל נעם דרום,34.8265
,31.8262,,ורד יריחו,35.4321
,31.6638,,ורדון,34.7818
,31.6592,,זבדיאל,34.7603
,31.5956,,זוהר,34.6924
,31.6072,,זיקים,34.521
,31.9752,,זיתן,34.8917
,32.5739,,זכרון יעקב,34.952
,31.7088,,זכריה,34.9447
,32.3657,,זמר,35.0347
,31.4518,,"זמרת, שובה",34.5467
,31.7338,,זנוח,34.9994
,31.4591,,זרועה,34.6242
,32.7233,,זרזיר,35.2204
,31.6817,,זרחיה,34.7464
,33.099,,זרעית,35.2885
,32.7589,,ח'וואלד,35.1584
,32.3601,,חבצלת השרון וצוקי ים,34.8585
,31.5249,,חברון,35.108
,32.741,,חג'אג'רה,35.2049
,32.1386,,חגור,34.9476
,32.3891,,חגלה,34.9243
,32.9275,,חד נס,35.6414
,31.9694,,חדיד,34.9322
,32.4258,,חדרה - מזרח,34.9506
,32.439,,חדרה - מערב,34.8854
,32.4352,,חדרה - מרכז,34.9209
,32.446,,חדרה - נווה חיים,34.9049
,32.2005,,חוות גלעד,35.1812
,32.1453,,חוות יאיר,35.1048
,32.4658,,חוות עדן,35.4866
,30.1149,,חוות ערנדל,35.1515
,31.6609,,חוות שדה בר,35.2447
,31.5113,,חוות שיקמים,34.6339
,31.8321,,חולדה,34.8815
,32.0158,,חולון,34.7874
,31.2306,,חולית,34.3273
,33.0529,,חולתה,35.6092
,32.9977,,חוסן,35.2987
,32.9006,,חוסנייה,35.3225
,32.3861,,חופית,34.8741
,32.8786,,חוקוק,35.4967
,31.3004,,חורה,34.9357
,33.0167,,חורפיש,35.3471
,32.1379,,חורשים,34.971
,32.9066,,חזון,35.3953
,29.8462,,חי-בר יטבתה,35.0294
,32.398,,חיבת ציון,34.9119
,32.4809,,חיננית,35.1732
,32.8072,,חיפה - כרמל ועיר תחתית,34.9877
,32.8087,,חיפה - מערב,34.9603
,32.7812,,חיפה - נווה שאנן ורמות כרמל,35.0015
,32.8283,,חיפה - קריית חיים ושמואל,35.0656
,32.8049,,חיפה - מפרץ,35.0515
,31.3096,,חירן,34.9845
,32.0083,,חלמיש,35.1289
,31.5779,,חלץ,34.6584
,32.018,,חמד,34.8413
,32.5198,,חמדיה,35.5206
,32.252,,חמדת,35.5268
,32.1997,,חמרה,35.4374
,32.6834,,חמת גדר,35.6647
,32.3328,,חניאל,34.9477
,33.0876,,חניתה,35.1734
,32.7831,,חנתון,35.2451
,32.8456,,חספין,35.793
,31.7893,,חפץ חיים,34.7997
,31.7801,,חצב,34.7706
,30.7679,,חצבה,35.2785
,31.773,,חצור,34.7199
,32.9804,,חצור הגלילית,35.5435
,31.2406,,חצרים,34.7174
,32.4035,,חרב לאת,34.9171
,32.2277,,חרוצים,34.8648
,32.241,,חרות,34.9141
,32.4619,,חריש,35.0456
,32.4237,,חרמש,35.119
,31.9444,,חרשה,35.148
,32.9577,,חרשים,35.3282
,31.9326,,חשמונאים,35.0233
,32.7959,,טבריה,35.531
,32.9662,,טובא זנגריה,35.592
,32.7751,,טורעאן,35.3783
,32.2669,,טייבה,35.0097
,32.6047,,טייבה בגלבוע,35.4446
,32.234394,,טירה,34.951488
,32.0148,,טירת יהודה,34.9359
,32.7621,,טירת כרמל,34.973
,32.4225,,טירת צבי,35.5283
,32.4831,,טל מנשה,35.1607
,31.8044,,טל שחר,34.9033
,32.9273,,טל-אל,35.1825
,30.9915,,טללים,34.7713
,31.9395,,טלמון,35.1331
,32.8522,,טמרה,35.2013
,32.6349,,טמרה בגלבוע,35.4027
,31.3761,,טנא עומרים,34.9574
,32.8686,,טפחות,35.4222
,31.1895,,יבול,34.319
,32.7088,,יבנאל,35.5038
,31.878,,יבנה,34.7394
,32.7415,,יגור,35.0768
,31.9878,,יגל,34.8803
,31.7967,,יד בנימין,34.8204
,31.8095,,יד השמונה,35.0896
,32.3253,,יד חנה,35.0067
,31.587,,יד מרדכי,34.5575
,31.653,,יד נתן,34.7049
,31.899841,,יד רמב''ם,34.900086
,32.0303,,יהוד-מונוסון,34.8871
,30.0842,,יהל,35.1284
,32.8782,,יובלים,35.2693
,32.8366,,יודפת,35.2715
,32.9397,,יונתן,35.7955
,31.4447,,יושיביה,34.6088
,32.5626,,יזרעאל,35.3194
,32.9961,,יחיעם,35.2211
,29.8963,,יטבתה,35.0592
,31.947215,,ייט''ב,35.422375
,31.4822,,יכיני,34.5986
,32.3074,,ינוב,34.9514
,32.9816,,ינוח-ג'ת,35.2412
,31.7418,,ינון,34.7809
,33.0536,,יסוד המעלה,35.589
,31.8158,,יסודות,34.8656
,32.9011,,יסעור,35.1666
,32.8812,,יעד,35.2406
,32.2683,,יעף,34.9674
,33.068,,יערה,35.1861
,32.7073,,יערות הכרמל,35.0107
,32.695,,יפיע,35.282
,32.0627,,יפית,35.4743
,32.6759,,יפעת,35.224
,33.1283,,יפתח,35.552
,32.1685,,יצהר,35.2359
,31.8632,,יציץ,34.8619
,32.2492,,יקום,34.8419
,32.1498,,יקיר,35.1146
,32.6559,,יקנעם המושבה והזורע,35.1152
,32.6602,,יקנעם עילית,35.1046
,33.0772,,יראון,35.4543
,32.5654,,ירדנה,35.566
,30.9878,,ירוחם,34.9297
,31.8606,,ירושלים - אזור תעשייה עטרות,35.2167
,31.7377,,ירושלים - דרום,35.1847
,31.8749,,ירושלים - כפר עקב,35.2175
,31.7627,,ירושלים - מזרח,35.2403
,31.7742,,ירושלים - מערב,35.1727
,31.7781,,ירושלים - מרכז,35.2164
,31.8211,,ירושלים - צפון,35.2389
,32.1515,,ירחיב,34.968
,32.9535,,ירכא,35.212
,32.1445,,ירקונה,34.8979
,32.5655,,ישובי אומן,35.2384
,32.5483,,מרכז חבר,35.2661
,32.5521,,ישובי יעל,35.3065
,31.753,,ישעי,34.9626
,31.9157,,ישרש,34.8473
,31.207,,יתד,34.3261
,32.87,,כאבול,35.2054
,32.8319,,כאוכב אבו אלהיג'א,35.2487
,33.021,,כברי,35.147
,32.7062,,כדורי,35.4063
,31.9603,,כוכב השחר,35.3494
,32.2209,,כוכב יאיר - צור יגאל,34.9924
,31.8803,,כוכב יעקב,35.2459
,31.6315,,כוכב מיכאל,34.6678
,32.9042,,כורזים ורד הגליל,35.5508
,30.3066,,כושי רמון,35.1346
,32.8905,,כחל,35.5116
,32.7238,,כינרת מושבה,35.5652
,32.7142,,כינרת קבוצה,35.5627
,31.3745,,כיסופים,34.399
,32.9723,,כיסרא סמיע,35.3041
,32.9467,,כישור,35.2502
,32.7332,,כלא דמון,35.0234
,32.9836,,כליל,35.1997
,32.8753,,כלנית,35.454
,30.9103,,כמהין,34.4307
,32.9125,,כמון,35.3555
,31.8022,,כנות,34.7509
,32.8704,,כנף,35.6979
,31.2347,,כסייפה והפזורה,35.0681
,31.7743,,כסלון,35.0482
,32.7567,,כעביה,35.1865
,32.7504,,כעביה טבאש,35.184
,31.831,,כפר אביב,34.7226
,31.8272,,כפר אדומים,35.3372
,31.7934,,כפר אוריה,34.9448
,31.7459,,כפר אחים,34.7559
,31.654,,כפר אלדד,35.251
,32.8214,,כפר ביאליק,35.0877
,31.870475,,כפר ביל''ו,34.826734
,33.1725,,כפר בלום,35.6079
,31.8617,,כפר בן נון,34.9472
,32.1309,,כפר ברא,34.9701
,32.646,,כפר ברוך,35.1931
,32.6446,,כפר גדעון,35.2893
,32.7662,,כפר גלים,34.9595
,32.5058,,כפר גליקסון,35.0035
,33.2421,,כפר גלעדי,35.5741
,32.4386,,כפר גמילה מלכישוע,35.4128
,31.9335,,כפר דניאל,34.9323
,31.9199,,כפר האורנים,35.0369
,32.7015,,כפר החורש,35.273
,32.7918,,כפר המכבי,35.1148
,31.8871,,כפר הנגיד,34.7487
,32.7016,,כפר הנוער ימין אורד,34.9898
,32.9747,,כפר הנשיא,35.6023
,32.2477,,כפר הס,34.9351
,32.391037,,כפר הרא''ה,34.910917
,31.747,,כפר הרי''ף וצומת ראם,34.7909
,32.3805,,כפר ויתקין,34.8753
,31.7187,,כפר ורבורג,34.7287
,32.9951,,כפר ורדים,35.2691
,31.6226,,כפר זוהרים,34.9257
,32.8116,,כפר זיתים,35.4652
,31.990144,,כפר חב''ד,34.849103
,32.8,,כפר חיטים,35.5033
,32.3539,,כפר חיים,34.9007
,32.916,,כפר חנניה,35.4238
,32.7523,,כפר חסידים,35.0942
,32.7624,,כפר חרוב,35.6642
,32.7485,,כפר טבאש,35.1707
,31.9805,,כפר טרומן,34.9277
,32.3449,,כפר ידידיה,34.899
,32.6816,,כפר יהושע,35.152
,33.2466,,כפר יובל,35.5964
,32.3177,,כפר יונה,34.9336
,32.5669,,כפר יחזקאל,35.3609
,32.952,,כפר יסיף,35.16
,32.2739,,כפר יעבץ,34.9655
,32.7211,,כפר כמא,35.4428
,32.7482,,כפר כנא,35.3438
,32.3456,,כפר מונש,34.9164
,31.4324,,כפר מימון ותושיה,34.5384
,32.6453,,כפר מצר,35.4221
,32.167567,,כפר מל''ל,34.894744
,32.8124,,כפר מנדא,35.2586
,31.7321,,כפר מנחם,34.8351
,32.8912,,כפר מסריק,35.0984
,31.8315,,כפר מרדכי,34.7566
,32.7683,,כפר נהר הירדן,35.4356
,31.9597,,כפר נוער בן שמן,34.9291
,32.2719,,כפר נטר,34.872
,33.196,,כפר סאלד,35.658
,32.1782,,כפר סבא,34.9076
,31.673,,כפר סילבר,34.6121
,32.0767,,כפר סירקין,34.9228
,32.2557,,כפר עבודה,34.9397
,31.4834,,כפר עזה,34.5323
,31.6495,,כפר עציון,35.1152
,32.4827,,כפר פינס,35.0021
,32.1141,,כפר קאסם,34.9728
,32.6661,,כפר קיש,35.449
,32.5055,,כפר קרע,35.0543
,32.4576,,כפר רופין,35.5557
,31.9104,,כפר רות,35.0353
,32.9557,,כפר שמאי,35.4579
,31.8883,,כפר שמואל,34.9348
,32.1871,,כפר שמריהו,34.8231
,32.6873,,כפר תבור,35.42
,32.118,,כפר תפוח,35.2498
,32.7013,,כפר תקווה,35.115
,32.9283,,כרכום,35.6063
,31.817,,כרם ביבנה,34.7236
,33.0392,,כרם בן זמרה,35.4699
,32.644325,,כרם מהר''ל,34.99145
,31.2283,,כרם שלום,34.2846
,31.848,,כרמי יוסף,34.9213
,31.6095,,כרמי צור,35.1013
,31.5378,,כרמי קטיף,34.912
,32.9147,,כרמיאל,35.2924
,31.6027,,כרמיה,34.5404
,31.3337,,כרמים,34.9179
,31.3322,,כרמית,34.8968
,31.4318,,כרמל,35.1828
,32.9412,,לבון,35.2865
,32.7876,,לביא,35.4407
,32.8638,,לבנים,35.4975
,31.3794,,להב,34.8713
,33.1412,,להבות הבשן,35.6479
,32.3952,,להבות חביבה,35.0118
,31.3738,,להבים,34.817
,31.951,,לוד,34.8881
,31.6882,,לוזית,34.8882
,32.9627,,לוחמי הגטאות,35.0967
,32.8809,,לוטם וחמדון,35.36
,29.9883,,לוטן,35.0868
,31.8369,,לטרון,34.9772
,33.0587,,לימן,35.1118
,31.5609,,לכיש,34.8441
,31.917,,לפיד,35.0318
,32.9598,,לפידות,35.261
,31.3249,,לקיה והפזורה,34.8662
,32.4258,,מאור,35.0053
,32.5912,,מאיר שפיה,34.9711
,31.7226,,מבוא ביתר,35.1067
,32.4208,,מבוא דותן,35.1739
,31.8496,,מבוא חורון,35.035
,32.7367,,מבוא חמה,35.6552
,31.9339,,מבוא מודיעים,34.988
,31.9074,,מבואות יריחו,35.4156
,31.4494,,מבועים,34.655
,31.2426,,"מבטחים, עמיעוז, ישע",34.4065
,31.6225,,מבקיעים,34.5774
,31.8041,,מבשרת ציון,35.1579
,32.9201,,מג'דל כרום,35.2566
,33.2691,,מג'דל שמס,35.7721
,32.7277,,מגדים,34.9609
,32.8395,,מגדל,35.4998
,32.6778,,מגדל העמק,35.2417
,31.6409,,מגדל עוז,35.1431
,32.9767,,מגדל תפן,35.278
,32.0899,,מגדלים,35.3426
,32.5785,,קיבוץ מגידו,35.1805
,32.3856,,מגל,35.0361
,31.2987362,,מגן,34.4269827
,32.5215,,מגן שאול,35.3064
,31.874167,,מגרון,35.259588
,32.0444,,מגשימים,34.8998
,32.5946,,מדרך עוז,35.158
,30.8523,,מדרשת בן גוריון,34.7834
,31.8903,,מודיעין,35.0104
,31.8898056,,מודיעין - ישפרו סנטר,34.9649992
,31.9211897,,מודיעין - ליגד סנטר,34.9701743
,31.9325,,מודיעין עילית,35.0423
,32.5862,,מולדת,35.4389
,32.5319,,מועאוויה,35.1029
,32.1336,,מרכז אזורי דרום השרון,34.912
,33.1209,,מרכז אזורי מבואות חרמון,35.5699
,32.998,,מרכז אזורי מרום גליל,35.4415
,31.7936,,מוצא עילית,35.157
,32.5151,,מוקיבלה,35.2948
,32.9216,,מורן,35.3948
,32.8261,,מורשת,35.232
,32.0507,,מזור,34.9314
,31.8532,,מזכרת בתיה,34.8424
,32.6499,,מזרע,35.2864
,32.9837,,מזרעה,35.0989
,32.3653,,מחולה,35.516
,32.9888,,מחניים,35.5704
,31.7489,,מחסיה,35.0073
,31.5128,,מטווח ניר עם,34.5543
,33.2772,,מטולה,35.5782
,31.7165,,מטע,35.0606
,32.505,,מי עמי,35.1464
,32.4452,,מייסר,35.0421
,31.5862,,מיצד,35.1876
,32.7686,,מיצר,35.7364
,32.452,,מירב,35.4225
,32.9852,,מירון,35.4416
,31.8159,,מישר,34.7526
,31.327,,מיתר,34.9432
,32.263,,מכון וינגייט,34.837
,32.1642,,מכורה,35.4236
,32.4065,,מכמורת,34.8716
,32.9075,,מכמנים,35.3287
,31.1803,,מלונות ים המלח מרכז,35.3645
,33.0986,,מלכיה,35.5096
,31.0345,,ממשית,35.0478
,31.6562,,מנוחה,34.7773
,32.8533,,מנוף,35.2374
,33.0387,,מנות,35.1952
,32.6643,,מנחמיה,35.5553
,32.9781,,מנחת מחניים,35.572
,33.1954,,מנרה,35.5437
,32.7062,,מנשית זבדה,35.1924
,32.8442,,מסד,35.4232
,32.6823,,מסדה,35.5977
,32.4974,,מסילות,35.4747
,31.8014,,מסילת ציון,35.0095
,31.3253422,,מסלול,34.5885811
,33.2321,,מסעדה,35.7556
,32.8907,,מע'אר,35.4046
,32.3642,,מעברות,34.9057
,31.392,,"מעגלים, גבעולים, מלילות",34.5943
,32.7063,,מעגן,35.6006
,32.5587,,מעגן מיכאל,34.9178
,32.4941,,מעוז חיים,35.5508
,31.4146,,מעון,35.1639
,31.8557,,מעון צופיה,34.7379
,33.0169,,מעונה,35.2636
,33.2393,,מעיין ברוך,35.6094
,32.5685,,מעיין צבי,34.9406
,33.0272,,מעיליא,35.2563
,31.7774,,מעלה אדומים,35.298
,32.0713,,מעלה אפרים,35.4039
,32.4761,,מעלה גלבוע,35.4206
,32.8883,,מעלה גמלא,35.686
,31.8174,,מעלה החמישה,35.1094
,31.4871,,מעלה חבר,35.1651
,32.0544,,מעלה לבונה,35.2395
,31.8791,,מעלה מכמש,35.3059
,32.5541,,מעלה עירון,35.1825
,31.5969,,מעלה עמוס,35.2294
,32.8894,,מעלה צביה,35.3314
,31.6494,,מעלה רחבעם,35.2589
,32.1654,,מעלה שומרון,35.0697
,33.015,,מעלות תרשיחא,35.276
,32.458,,מענית,35.0266
,32.0635,,מעש,34.8926
,31.5022,,מפלסים,34.5617
,31.3114,,מצדה,35.3627
,33.0623,,מצובה,35.1557
,31.591,,מצוקי דרגות,35.3933
,31.9064,,מצליח,34.8713
,32.79,,מצפה,35.5079
,32.837951,,מצפה אבי''ב,35.201059
,32.4614,,מצפה אילן,35.0689
,31.8157,,מצפה יריחו,35.3954
,32.8017,,מצפה נטופה,35.3835
,30.6102,,מצפה רמון,34.8019
,31.5689,,מצפה שלם,35.4004
,32.4402,,מצר,35.0477
,32.03,,מקווה ישראל,34.7829
,33.2165,,מרגליות,35.5444
,33.1326,,מרום גולן,35.7771
,30.888,,מרחב עם,34.8282
,32.6048,,מרחביה מושב,35.316
,32.6059,,מרחביה קיבוץ,35.3073
,31.4173,,מרחצאות עין גדי,35.3785
,31.7738,,מרכז אזורי מגילות,35.5038
,32.8588,,מרכז אזורי משגב,35.2598
,32.5017,,מרכז ימי קיסריה,34.8925
,32.64726,,מרכז מיר''ב,34.964089
,31.6969,,מרכז שפירא,34.7073
,31.2812,,מרעית,35.0534
,31.004,,משאבי שדה,34.785
,31.8191,,משגב דב,34.7392
,33.2476,,משגב עם,35.5485
,32.7389,,משהד,35.3225
,32.1124,,משואה,35.4914
,31.7026,,משואות יצחק,34.69
,32.3179,,משכיות,35.5028
,31.8725,,משמר איילון,34.9433
,31.8236,,משמר דוד,34.9007
,33.0035,,משמר הירדן,35.5983
,31.3648,,משמר הנגב,34.718
,32.6101,,משמר העמק,35.1427
,32.0109,,משמר השבעה,34.8223
,32.3563,,משמר השרון,34.9043
,32.4865,,משמרות,34.9839
,32.2276,,משמרת,34.9221
,31.6569,,משען,34.6216
,31.8233,,מתחם בני דרום,34.6994
,32.1384,,מתחם פי גלילות,34.8045
,31.3095,,מתחם צומת שוקת,34.8982
,32.1594,,מתן,34.9732
,33.0417,,מתת,35.3567
,31.9297,,מתתיהו,35.035
,32.787,,נאות גולן,35.6932
,30.9334,,נאות הכיכר,35.3781
,33.1598,,נאות מרדכי,35.5956
,30.0491,,נאות סמדר,35.0281
,32.6082,,נעורה,35.3937
,31.2198,,נבטים,34.8825
,31.8329,,נבי סמואל,35.1811
,31.6625,,נגבה,34.6796
,31.4931,,נגוהות,34.9833
,31.6213,,נהורה,34.7045
,32.6908,,נהלל,35.1961
,33.0085,,נהריה,35.0981
,32.8329,,נוב,35.7836
,31.6257,,נוגה,34.6953
,31.1622,,נווה,34.3298
,32.589,,נווה אור,35.5545
,33.26202,,נווה אטי''ב,35.740574
,31.8076,,נווה אילן,35.0809
,32.4917,,נוה איתן,35.5322
,31.6763,,נווה דניאל,35.1433
,31.1521,,נווה זוהר,35.3648
,33.0274,,נווה זיו,35.1843
,30.0398,,נווה חריף,35.0365
,32.6798,,נווה ים,34.9319
,32.1717,,נווה ימין,34.9394
,32.1327,,נווה ירק,34.9255
,31.8068,,נווה מבטח,34.7412
,31.6728,,נווה מיכאל - רוגלית,35.0037
,31.8174,,נווה שלום,34.9783
,31.5686,,נועם,34.7882
,31.8712,,נוף איילון,34.9913
,32.0982,,נופי נחמיה,35.2359
,31.8235,,נופי פרת,35.3199
,32.1555,,נופים,35.0998
,32.7634,,נופית,35.1483
,32.0437,,נופך,34.9203
,31.6458,,נוקדים,35.2504
,32.3147,,נורדיה,34.8968
,32.5432,,נורית,35.3558
,31.6288,,נחושה,34.9527
,31.4727,,נחל עוז,34.4977
,31.66,,נחלה,34.7928
,31.9735,,נחליאל,35.1404
,32.0586,,נחלים,34.9136
,31.7665,,נחם,35.0036
,32.9347,,נחף,35.3165
,32.6131,,נחשולים,34.9222
,31.8316,,נחשון,34.956
,32.0632,,נחשונים,34.947
,33.0654,,נטועה,35.3234
,32.8541,,נטור,35.7526
,31.4761,,נטע,34.9268
,31.9457,,נטעים,34.7751
,31.8313,,נטף,35.0696
,31.963415,,ניל''י,35.04727
,32.631,,נין,35.3494
,31.7375,,ניצן,34.6308
,30.886,,ניצנה,34.4226
,32.3061,,ניצני עוז,35.0033
,31.7178,,ניצנים,34.6346
,32.1976,,ניר אליהו,34.9494
,31.6712,,ניר בנים,34.755
,31.8255,,ניר גלים,34.6825
,32.5041,,ניר דוד,35.4576
,31.608906,,ניר ח''ן,34.714282
,31.236,,ניר יצחק,34.3567
,31.6922,,ניר ישראל,34.6381
,31.4775,,ניר משה,34.6301
,31.3097,,ניר עוז,34.4021
,32.6991,,ניר עציון,34.9925
,31.4699,,ניר עקיבא,34.6462
,31.9544,,ניר צבי,34.8615
,31.3357,,נירים,34.3941
,32.1462,,נירית,34.9848
,33.2453,,נמרוד,35.7516
,31.7442,,נס הרים,35.0594
,32.9655,,נס עמים,35.1216
,31.9321,,נס ציונה,34.8013
,32.3713,,נעורים,34.8614
,31.9626,,נעלה,35.066
,31.9076,,נעמה,35.4662
,31.8832,,נען,34.8592
,31.9682,,נערן,35.4539
,31.8214,,נצר חזני,34.8626
,31.9228,,נצר סרני,34.8212
,32.6996,,נצרת,35.3035
,32.71,,נוף הגליל,35.3227
,31.954293,,נריה,35.127604
,32.7649,,נשר,35.0492
,31.9894,,נתיב הגדוד,35.4433
,31.687184,,נתיב הל''ה,34.982523
,31.5724,,נתיב העשרה,34.5393
,32.9912,,נתיב השיירה,35.1307
,31.4232,,נתיבות,34.5953
,32.3001,,נתניה - מזרח,34.8727
,32.3095,,נתניה - מערב,34.8542
,32.9431,,סאג'ור,35.3436
,33.0287,,סאסא,35.3946
,32.0456,,סביון,34.8766
,31.6695,,סגולה,34.7784
,32.7669,,סואעד חמירה,35.1682
,32.6056,,סולם,35.3343
,31.3866,,סוסיא,35.1204
,31.2383,,סופה,34.342
,32.1473,,סינמה סיטי גלילות,34.8063
,32.8642,,סכנין,35.2945
,32.8932,,סלמה,35.3705
,32.2426,,סלעית,35.0513
,29.834,,סמר,35.0222
,32.5224,,סנדלה,35.3244
,31.3618,,סנסנה,34.901
,31.4702,,סעד,34.5344
,31.251,,סעייה-מולדה והפזורה,34.9528
,33.0287,,סער,35.1092
,30.6139,,ספיר,35.1845
,33.0131,,ספסופה - כפר חושן,35.4402
,31.8899,,סתריה,34.8421
,33.0488,,עבדון,35.1791
,30.7923,,עבדת,34.7687
,32.9911,,עברון,35.1
,33.2728,,ע'ג'ר,35.6242
,31.6975,,עגור,34.912
,32.7824,,עדי,35.1734
,32.0398,,עדי עד,35.3352
,32.1388,,עדנים,34.9091
,31.593,,עוזה,34.7645
,32.7906,,עוזייר,35.3269
,32.332,,עולש,34.9853
,31.2643,,עומר,34.8499
,32.6219,,עופר,34.9835
,32.0186,,עופרים,35.0446
,31.6377,,עוצם,34.7051
,30.7922,,עזוז,34.4724
,31.7362,,עזר,34.6714
,32.2628,,עזריאל,34.9711
,31.8905,,עזריה,34.9119
,31.7517,,עזריקם,34.6948
,32.0012,,עטרת,35.177
,30.8063,,עידן,35.2999
,31.9158,,עיינות,34.7681
,32.8379,,עילבון,35.4
,32.7173,,עילוט,35.2615
,32.63,,עין איילה,34.9443
,32.9408,,עין אל אסד,35.401
,32.4915,,עין אל-סהלה,35.1175
,31.2002,,עין בוקק,35.3625
,32.7834,,עין גב,35.6401
,31.4512,,עין גדי,35.3836
,32.6555,,עין דור,35.4164
,31.2809,,עין הבשור,34.4434
,32.7003,,עין הוד,34.9827
,32.3859,,עין החורש,34.94
,32.9026,,עין המפרץ,35.093
,32.47071,,עין הנצי''ב,35.501973
,32.6297,,עין העמק,35.0822
,32.5968,,עין השופט,35.1004
,31.3517,,עין השלושה,34.4035
,32.2645,,עין ורד,34.9307
,33.0965,,עין זיוון,35.7963
,32.6914,,עין חוד,34.9991
,30.7972,,עין חצבה,35.2453
,32.5631,,עין חרוד,35.3917
,30.6588,,עין יהב,35.2397
,33.0093,,עין יעקב,35.229
,32.9194,,עין כמונים,35.4301
,32.6779,,עין כרמל,34.9537
,32.7243,,עין מאהל,35.3534
,31.7939,,עין נקובא,35.1197
,32.4844,,עין עירון,35.0101
,31.6949,,עין צורים,34.7187
,33.2367,,עין קנייא,35.7313
,31.7906,,עין ראפה,35.1165
,32.4619,,עין שמר,35.0067
,32.2749,,עין שריד,34.9342
,30.9436,,עין תמר,35.3741
,32.9097,,עינבר,35.4237
,32.0819,,עינת,34.9375
,30.809,,עיר אובות,35.2444
,32.9331,,עכו,35.0827
,32.8984,,עכו - אזור תעשייה,35.0863
,31.453,,עלומים,34.5147
,32.0712,,עלי,35.2669
,32.0722,,עלי זהב,35.0641
,33.0519,,עלמה,35.4996
,31.8321,,עלמון,35.2968
,32.9977,,עמוקה,35.5248
,32.0464,,עמיחי,35.3283
,31.7517,,עמינדב,35.1424
,32.9304,,עמיעד,35.5405
,32.5646,,עמיקם,35.0203
,33.1777,,עמיר,35.6198
,32.1607,,עמנואל,35.136
,32.9777,,עמקה,35.1618
,32.2836,,ענב,35.1252
,32.7207,,עספיא,35.0591
,32.6105,,עפולה,35.2879
,31.9551,,עפרה,35.2603
,32.1194,,עץ אפרים,35.0464
,32.8658,,עצמון - שגב,35.2523
,32.8537,,עראבה,35.3372
,33.0888,,ערב אל עראמשה,35.2288
,32.8881,,ערב אל-נעים,35.2901
,31.2614,,ערד,35.2149
,31.7328,,ערוגות,34.7762
,32.4963,,ערערה,35.0973
,31.1561,,ערערה בנגב,35.023
,31.373,,עשאהל,35.0435
,31.8249,,עשרת,34.7475
,32.6909,,עתלית,34.9429
,31.4388,,עתניאל,35.0282
,30.3626,,פארן,35.1551
,31.9532,,פארק תעשיות פלמחים,34.7675
,31.7682,,פארק תעשייה ראם,34.7552
,32.0625,,פדואל,35.0526
,31.3263,,פדויים,34.6121
,31.8578,,פדיה,34.8838
,32.7198,,פוריה כפר עבודה,35.5456
,32.7438,,פוריה נווה עובד,35.5381
,32.7327,,פוריה עילית,35.5462
,32.5974,,פוריידיס,34.9519
,32.2771,,פורת,34.9488
,31.3278,,פטיש,34.56
,32.9336,,פלך,35.233
,31.9327,,פלמחים,34.7069
,31.5895,,פני קדם,35.1951
,31.7788,,פנימיית עין כרם,35.1533
,31.9,,פסגות,35.2239
,33.0478,,פסוטה,35.3088
,31.4383,,פעמי תש''ז,34.6921
,32.0435,,פצאל,35.4438
,32.9762,,פקיעין,35.3358
,32.4753,,פרדס חנה-כרכור,34.9771
,32.305,,פרדסיה,34.9117
,32.9331,,פרוד,35.4343
,31.222,,פרי גן,34.3559
,32.084,,פתח תקווה,34.8878
,31.867,,פתחיה,34.8869
,31.2039,,צאלים,34.5334
,33.0264,,צבעון,35.4167
,31.7844,,צובה,35.118
,31.2364,,"צוחר, אוהד",34.4287
,32.1979,,צופים,35.0107
,32.1949,,צופית,34.9201
,30.5594,,צופר,35.1815
,30.4916,,צוקים,35.1654
,31.7194,,צור הדסה,35.097
,32.2415,,צור יצחק,34.998
,32.2989,,צור משה,34.9131
,32.2397,,צור נתן,35.014
,33.0065,,צוריאל,35.3148
,32.9043,,צורית גילון,35.2322
,32.7467,,ציפורי,35.2764
,31.8056,,צלפון,34.9318
,32.0043,,צפריה,34.8547
,31.6596,,צפרירים,34.9443
,32.9646,,צפת,35.496
,32.6478,,צרופה,34.9465
,31.7627,,צרעה,34.9669
,31.814,,קבוצת יבנה,34.7191
,32.2124,,קדומים,35.1574
,32.283,,קדימה-צורן,34.9119
,33.006,,קדיתא,35.4683
,31.7008,,קדמה,34.7749
,33.0295,,קדמת צבי,35.6977
,31.7544,,קדר,35.3107
,31.8141,,קדרון,34.7955
,32.8989,,קדרים,35.4716
,30.9034,,קדש ברנע,34.3967
,31.6626,,קוממיות,34.7293
,32.8444,,קורנית,35.2519
,29.9709,,קטורה,35.0614
,32.0514,,קידה,35.3413
,32.519,,קיסריה,34.9045
,31.4498,,קלחים,34.6791
,31.7499,,קליה,35.4661
,32.2858,,קלנסווה,34.9815
,33.1317,,קלע,35.6839
,32.4852,,קציר,35.1087
,31.0865,,קצר-א-סיר והפזורה,34.9979
,32.991,,קצרין,35.6899
,32.989259,,קצרין - אזור תעשייה,35.710742
,32.0549,,קריית אונו,34.8589
,32.8322,,קריית ביאליק,35.0884
,31.6196,,"קריית גת, כרמי גת",34.766
,32.7132,,קריית טבעון - בית זייד,35.1226
,32.8493,,קריית ים,35.0689
,31.8028,,קריית יערים,35.0999
,32.8382,,קריית מוצקין,35.0795
,31.7302,,קריית מלאכי,34.747
,32.1173,,קריית נטפים,35.1121
,31.8099,,קריית ענבים,35.1208
,31.8625,,קריית עקרון,34.822
,31.5293,,קרית ארבע,35.1156
,32.8052,,קריית אתא,35.0925
,31.3142,,קריית חינוך מרחבים,34.5999
,33.2079,,קריית שמונה,35.5702
,32.1716,,קרני שומרון,35.0975
,32.9804,,קשת,35.8085
,32.9371,,ראמה,35.367
,32.9157,,ראס אל-עין,35.3727
,32.7729,,ראס עלי,35.1555
,33.0861,,ראש הנקרה,35.1135
,32.0958,,ראש העין,34.9522
,32.9704,,ראש פינה,35.5427
,31.6678,,ראש צורים,35.1253
,31.9723,,ראשון לציון - מזרח,34.8066
,31.981,,ראשון לציון - מערב,34.7679
,32.1187,,רבבה,35.1296
,31.774,,רבדים,34.8148
,31.0452,,רביבים,34.7211
,32.8506,,רביד,35.4641
,32.9775,,רגבה,35.0991
,32.5234,,רגבים,35.034
,31.4033,,רהט והפזורה,34.7582
,31.6487,,רווחה,34.7337
,32.4486,,רוויה,35.4731
,31.4974,,רוחמה,34.7052
,32.7881,,רומאנה,35.3112
,32.7776,,רומת אל הייב,35.3057
,32.2475,,רועי,35.4895
,32.3366,,רותם,35.5186
,32.4511,,רחוב,35.4896
,31.8928,,רחובות,34.8113
,32.1025,,רחלים,35.2578
,31.7759,,רטורנו - גבעת שמש,34.9474
,33.0499,,ריחאנייה,35.4871
,32.4688,,ריחן,35.1353
,32.7199,,ריינה,35.3177
,31.9354,,רימונים,35.3405
,32.0444,,רינתיה,34.9285
,32.7493,,רכסים,35.0996
,32.5287,,רם און,35.2587
,32.8504,,רמות,35.6652
,32.1651,,רמות השבים,34.8815
,31.8744,,רמות מאיר,34.8552
,32.5966,,רמות מנשה,35.0575
,33.1024,,רמות נפתלי,35.5533
,31.9316,,רמלה,34.8729
,32.0529,,רמת גן - מזרח,34.8416
,32.0706,,רמת גן - מערב,34.8275
,32.679,,רמת דוד,35.204
,32.2183,,רמת הכובש,34.9383
,32.5524,,רמת הנדיב,34.9453
,32.6094,,רמת השופט,35.0941
,32.1378,,רמת השרון,34.8403
,32.7935,,רמת יוחנן,35.1222
,32.704,,רמת ישי,35.166
,32.8441,,רמת מגשימים,35.8066
,32.592,,רמת צבי,35.4145
,31.7736,,רמת רזיאל,35.0744
,31.3387,,רנן,34.6004
,31.3862,,רעים,34.4588
,32.1848,,רעננה,34.8713
,32.8556,,רקפת,35.2642
,32.2019,,רשפון,34.8247
,32.4812,,רשפים,35.4788
,31.054,,רתמים,34.6909
,30.8333,,שאנטי במדבר,34.7366
,33.2263,,שאר ישוב,35.6468
,32.0545,,שבות רחל,35.3107
,31.4664,,שבי דרום,34.6386
,32.9821,,שבי ציון,35.083
,32.2637,,שבי שומרון,35.1834
,32.6863,,שבלי,35.4061
,31.1984,,שגב שלום והפזורה,34.8397
,31.2116,,שדה אברהם,34.3357
,32.7505,,שדה אילן,35.4224
,32.4419,,שדה אליהו,35.5138
,33.0465,,שדה אליעזר,35.5653
,30.8736,,שדה בוקר,34.7931
,31.5775,,שדה דוד,34.6834
,32.2087,,שדה ורבורג,34.9033
,31.6457,,שדה יואב,34.6768
,32.6976,,שדה יעקב,35.1413
,32.405,,שדה יצחק,34.9922
,31.611,,שדה משה,34.8004
,32.5251,,שדה נחום,35.4809
,33.1882,,שדה נחמיה,35.6231
,31.23,,שדה ניצן,34.4184
,31.7584,,שדה עוזיהו,34.6782
,31.4487,,שדה צבי,34.7132
,32.4926,,שדות ים,34.8932
,31.7214,,שדות מיכה,34.9207
,32.1585,,שדי חמד,34.9428
,32.4409,,שדי תרומות,35.4842
,31.8338,,שדמה,34.7401
,32.6962,,שדמות דבורה,35.4364
,32.3477,,שדמות מחולה,35.5306
,31.5313,,"שדרות, איבים, ניר עם",34.5984
,31.9958,,שהם,34.9488
,31.7994,,שואבה,35.079
,31.4137,,שובל,34.7458
,33.0825,,שומרה,35.282
,31.4322,,שומריה,34.8841
,32.9515,,שומרת,35.095
,31.4221,,שוקדה,34.5244
,31.7975,,שורש,35.0653
,32.8927,,שורשים,35.2586
,32.3548,,שושנת העמקים,34.8568
,32.9339,,שזור,35.3545
,31.6184063,,שחר,34.7240639
,29.9041,,שחרות,34.9992
,31.3964,,שיבולים,34.6081
,30.1764,,שיטים,35.0167
,32.9938,,שייח' דנון,35.1486
,32.0544,,שילה,35.2991
,31.9212,,שילת,35.0146
,32.8492,,שכניה,35.2467
,31.5647,,שלווה,34.7688
,32.4726,,שלוחות,35.4805
,33.0726,,שלומי,35.1459
,31.1697,,שלומית,34.3032
,32.476,,שלפים,35.477
,33.1668,,שמיר,35.66
,31.3873,,שמעה,35.0127
,32.7325,,שמשית,35.2465
,31.3566,,שני ליבנה,35.0699
,33.2403,,שניר,35.677
,32.8897,,שעב,35.2388
,33.1165,,שעל,35.7188
,31.8702,,שעלבים,34.9843
,32.2907,,שער אפרים,34.9994
,32.6869,,שער הגולן,35.6047
,32.7226,,שער העמקים,35.1106
,32.4439,,שער מנשה,35.011
,32.1207,,שערי תקווה,35.027
,32.2166,,שפיים,34.8224
,31.6976,,שפיר,34.7282
,32.9446,,שפר,35.4378
,32.8058,,שפרעם,35.17
,32.4737,,שקד,35.1684
,31.5149,,שקף,34.9373
,32.7259,,שרונה,35.4672
,31.6786,,שריגים - ליאון,34.9351
,32.6631,,שריד,35.2248
,31.4048,,שרשרת,34.6044
,33.0859,,שתולה,35.3156
,31.7737,,שתולים,34.6844
,31.3717,,תאשור,34.6435
,31.3789,,תדהר,34.6304
,32.9285,,תובל,35.2457
,32.0186,,תומר,35.4398
,32.6811,,תחנת רכבת כפר יהושוע,35.1246
,32.1209,,תחנת רכבת ראש העין,34.9345
,31.7163,,תימורים,34.7614
,31.7503,,תירוש,34.8859
,32.0462,,תל אביב - דרום העיר ויפו,34.7654
,32.0578,,תל אביב - מזרח,34.7987
,32.0798,,תל אביב - מרכז העיר,34.7772
,32.1213,,תל אביב - עבר הירקון,34.8203
,33.2334,,תל חי,35.5827
,32.5567,,תל יוסף,35.3989
,32.2527,,תל יצחק,34.8724
,32.2566,,תל מונד,34.9185
,32.6574,,תל עדשים,35.3025
,31.2837,,תל ערד והפזורה,35.1038
,31.8804,,תל ציון,35.2391
,32.7064,,תל קציר,35.6179
,31.2476,,תל שבע,34.8612
,32.4425,,תל תאומים,35.4964
,31.5631,,תלם,35.0312
,31.2296,,תלמי אליהו,34.4291
,32.4472,,תלמי אלעזר,34.975
,31.4381,,תלמי ביל''ו,34.6448
,31.2,,תלמי יוסף,34.3638
,31.7536,,תלמי יחיאל,34.7643
,31.6169,,תלמי יפה,34.6125
,31.5634,,תלמים,34.672
,32.7038,,תמרת,35.2255
,32.3059,,תנובות,34.9626
,31.8013,,תעוז,34.972
,32.0717,,תעשיון חצב,34.9544
,31.9624,,תעשיון צריפין,34.8533
,31.3245,,תפרח,34.6792
,31.4485,,תקומה,34.5781
,31.4427,,חוות יזרעם,34.5716
,31.6528,,תקוע,35.2275
,31.3574,,תראבין א-צאנע והפזורה,34.7383
,31.7833,,תרום,34.9802
